Date,Open,High,Low,Close,Volume
2020-01-01,7168.3,7235.0,7150.0,7174.4,1827.63489373
2020-01-02,7174.4,7185.8,6915.0,6942.3,4057.33154562
2020-01-03,6943.4,7397.3,6860.0,7334.8,8120.4914047203
2020-01-04,7333.2,7396.4,7260.0,7350.2,2912.37313055
2020-01-05,7350.2,7493.3,7301.1,7346.9,2904.093494
2020-01-06,7347.2,7800.0,7339.2,7757.3,5994.0749446002
2020-01-07,7760.0,8252.5,7727.1,8160.0,10390.7561997209
2020-01-08,8160.3,8464.3,7875.0,8043.3,12263.4285554005
2020-01-09,8043.3,8043.7,7749.9,7818.0,6127.6393974901
2020-01-10,7818.1,8191.9,7666.3,8191.9,8032.1351248204
2020-01-11,8191.9,8319.5,7999.3,8026.2,4806.77769559
2020-01-12,8023.3,8185.0,7951.2,8177.3,2330.06754714
2020-01-13,8177.3,8188.8,8036.8,8104.0,2714.88825152
2020-01-14,8104.1,8892.0,8104.1,8815.5,15537.3413625608
2020-01-15,8815.5,8900.0,8560.0,8810.3,8031.7769895804
2020-01-16,8808.4,8846.2,8579.4,8717.8,4960.8137228901
2020-01-17,8717.9,9004.0,8657.7,8901.5,8148.7063924703
2020-01-18,8898.5,8975.0,8810.0,8907.7,3915.30406409
2020-01-19,8905.3,9185.0,8470.0,8705.8,8532.3026769005
2020-01-20,8705.8,8731.9,8510.0,8629.4,3779.4923618
2020-01-21,8628.7,8782.2,8333.0,8723.3,4521.5190723301
2020-01-22,8723.3,8795.0,8565.4,8659.0,3097.9125691799
2020-01-23,8658.9,8662.1,8281.0,8390.1,5865.7000315701
2020-01-24,8390.1,8505.5,8215.2,8426.8,4582.86030911
2020-01-25,8426.8,8427.8,8253.3,8325.0,2513.01012983
2020-01-26,8325.1,8601.9,8285.0,8592.7,3516.66680936
2020-01-27,8599.3,8979.0,8565.0,8891.8,6287.2171510802
2020-01-28,8891.8,9420.7,8873.9,9399.9,8030.8407864104
2020-01-29,9395.0,9438.3,9222.6,9280.9,5598.6460524301
2020-01-30,9281.2,9568.1,9060.0,9500.0,8016.2853486402
2020-01-31,9500.5,9520.0,9200.0,9339.3,4869.4627580601
2020-02-01,9337.1,9453.9,9283.5,9377.1,1680.52574219
2020-02-02,9377.0,9473.1,9150.0,9322.2,3269.38968378
2020-02-03,9322.2,9610.0,9225.0,9281.0,4995.3482989101
2020-02-04,9280.8,9348.7,9078.8,9159.3,3809.73133955
2020-02-05,9159.3,9765.0,9150.2,9616.2,6914.0534755403
2020-02-06,9612.8,9853.0,9520.0,9754.7,5888.0383558501
2020-02-07,9754.7,9883.6,9715.0,9799.6,3687.00812773
2020-02-08,9799.6,9942.0,9658.0,9904.3,3479.91913592
2020-02-09,9901.6,10180.0,9887.4,10160.1,4824.2846849101
2020-02-10,10159.1,10200.0,9760.0,9850.1,5740.5375218401
2020-02-11,9850.1,10409.2,9707.0,10273.2,7498.7879198605
2020-02-12,10271.6,10486.9,10218.0,10354.6,6776.9375597403
2020-02-13,10352.6,10516.6,10060.3,10241.6,7307.3106156803
2020-02-14,10241.6,10390.0,10097.4,10370.8,3567.7507352901
2020-02-15,10369.5,10400.0,9766.9,9904.6,3626.9633399001
2020-02-16,9904.5,10046.8,9632.0,9923.9,3239.16987186
2020-02-17,9921.1,9961.5,9476.4,9702.1,4759.2576566201
2020-02-18,9702.2,10281.0,9615.0,10180.0,4946.6300276901
2020-02-19,10180.3,10300.0,9346.0,9602.2,6771.7533708602
2020-02-20,9602.0,9704.9,9350.0,9610.7,4154.0728687102
2020-02-21,9608.5,9771.4,9562.8,9698.2,2778.86679125
2020-02-22,9696.8,9717.6,9575.0,9671.5,1028.00120476
2020-02-23,9670.0,10022.0,9666.0,9966.1,2462.42622628
2020-02-24,9967.5,10022.8,9485.0,9664.6,4234.87059293
2020-02-25,9661.8,9677.4,9244.0,9309.5,4373.8974711701
2020-02-26,9307.7,9365.6,8645.0,8783.5,8419.1847236404
2020-02-27,8783.3,8968.0,8516.3,8810.3,4871.4714351502
2020-02-28,8814.5,8895.0,8439.3,8715.5,5456.7245992401
2020-02-29,8706.8,8795.0,8526.6,8529.1,2241.96592406
2020-03-01,8526.1,8750.0,8405.0,8530.0,3134.04788956
2020-03-02,8518.8,8965.0,8486.9,8924.7,4758.5650670101
2020-03-03,8918.4,8924.1,8662.5,8752.8,3892.82816455
2020-03-04,8756.6,8844.0,8670.4,8758.7,3140.2803402
2020-03-05,8758.4,9170.0,8758.4,9066.0,4762.4329099502
2020-03-06,9065.8,9175.0,9001.9,9154.9,3664.4395100401
2020-03-07,9154.8,9213.0,8856.0,8899.5,2985.5724461601
2020-03-08,8891.1,8891.1,8003.1,8035.6,7188.9813506802
2020-03-09,8039.8,8185.0,7634.3,7927.8,9972.5947514206
2020-03-10,7929.1,8153.5,7735.0,7886.9,7321.2332085101
2020-03-11,7889.6,7986.1,7589.0,7943.3,6679.2756971501
2020-03-12,7961.3,7967.3,4672.3,4850.0,39800.7150522678
2020-03-13,4850.0,5999.0,3913.1,5630.2,45110.8734250863
2020-03-14,5630.2,5664.9,5057.0,5162.2,11373.5893899207
2020-03-15,5163.1,6002.2,5092.6,5340.1,14972.4424172909
2020-03-16,5339.7,5345.8,4331.7,5042.3,25217.6691396586
2020-03-17,5044.0,5565.1,4942.0,5331.7,17512.038438331
2020-03-18,5334.3,5450.0,5015.9,5415.2,17389.7709980307
2020-03-19,5419.3,6433.6,5270.1,6184.5,21672.5679410094
2020-03-20,6185.3,7020.0,5680.0,6206.8,22752.760208031
2020-03-21,6207.0,6469.9,5850.0,6196.3,11088.6092702306
2020-03-22,6196.3,6419.9,5748.7,5825.5,11834.2399782806
2020-03-23,5820.6,6615.0,5688.1,6505.1,16490.5849178712
2020-03-24,6498.4,6875.0,6404.0,6769.0,15187.887373891
2020-03-25,6766.8,6985.0,6462.5,6689.9,12154.1155117607
2020-03-26,6690.0,6796.2,6524.8,6767.0,7007.1245915401
2020-03-27,6764.2,6869.0,6280.0,6376.4,9964.0639066103
2020-03-28,6376.3,6376.4,6039.0,6251.8,9047.7771374403
2020-03-29,6252.6,6281.1,5866.3,5875.0,6451.4807424904
2020-03-30,5875.0,6640.0,5851.0,6403.2,11024.0514676406
2020-03-31,6403.8,6525.0,6336.0,6422.1,6173.3858979202
2020-04-01,6422.2,6710.0,6157.4,6662.9,11298.7525983404
2020-04-02,6662.9,7269.0,6576.4,6803.8,18344.4551351203
2020-04-03,6800.5,7053.3,6610.0,6738.6,11139.7987148103
2020-04-04,6738.6,7002.0,6654.5,6873.2,6160.3625801401
2020-04-05,6873.0,6910.1,6681.8,6779.4,3842.23364298
2020-04-06,6778.7,7370.0,6774.2,7343.5,12052.0745513806
2020-04-07,7342.3,7474.9,7080.0,7206.2,10959.2410923304
2020-04-08,7204.7,7425.7,7157.0,7368.0,7513.6736831601
2020-04-09,7366.3,7378.1,7091.9,7294.1,7172.4670971801
2020-04-10,7294.1,7304.5,6750.0,6873.8,10944.2498138904
2020-04-11,6873.7,6960.0,6771.4,6889.6,4297.11045169
2020-04-12,6886.8,7216.5,6795.0,6903.7,7413.5186862402
2020-04-13,6903.7,6903.9,6560.0,6861.6,10209.6361575801
2020-04-14,6862.1,6985.0,6772.7,6874.5,5897.6506480901
2020-04-15,6874.6,6938.8,6601.0,6619.8,6376.2926269101
2020-04-16,6618.1,7212.2,6478.6,7114.9,14381.3916704506
2020-04-17,7112.4,7157.8,6989.7,7034.1,5728.8110656301
2020-04-18,7034.5,7300.0,7025.4,7259.0,4787.19773175
2020-04-19,7258.9,7276.1,7066.2,7127.6,3469.26761388
2020-04-20,7125.8,7224.0,6760.2,6839.2,7408.8908698702
2020-04-21,6838.2,6952.6,6773.1,6852.1,4638.3789616501
2020-04-22,6855.0,7165.0,6819.8,7136.9,5933.8700054501
2020-04-23,7136.8,7790.0,7035.2,7485.0,11413.4616225206
2020-04-24,7489.8,7610.0,7370.0,7507.8,7417.3253000701
2020-04-25,7509.4,7731.8,7442.2,7550.1,5605.49059654
2020-04-26,7550.0,7710.0,7480.0,7703.9,4518.4902268901
2020-04-27,7706.6,7795.0,7629.7,7792.4,6358.90421104
2020-04-28,7792.4,7794.9,7671.1,7755.8,4236.80566423
2020-04-29,7753.0,8978.0,7727.6,8779.9,20471.0519069201
2020-04-30,8779.9,9487.9,8410.0,8629.6,23985.3899256899
2020-05-01,8628.3,9065.0,8628.3,8824.6,8508.4439557901
2020-05-02,8831.0,9016.2,8756.4,8983.1,5759.2867137502
2020-05-03,8983.2,9204.8,8714.0,8905.5,8379.6197731001
2020-05-04,8910.9,8972.5,8534.0,8886.3,8240.8743195101
2020-05-05,8890.7,9119.9,8780.0,9027.4,7421.4848058801
2020-05-06,9027.4,9430.0,8921.0,9166.1,11362.0131333504
2020-05-07,9163.1,10080.2,9037.0,10001.0,18206.7807422804
2020-05-08,10001.4,10048.2,9727.5,9809.5,9783.4893822703
2020-05-09,9808.4,9911.7,9518.0,9539.7,8004.0824532402
2020-05-10,9530.5,9570.1,7995.6,8716.5,21269.6573926904
2020-05-11,8724.9,9175.0,8190.0,8570.8,18291.8276888102
2020-05-12,8570.8,8975.0,8531.8,8823.7,7354.1034119401
2020-05-13,8818.1,9411.0,8808.1,9317.1,9472.1108776103
2020-05-14,9317.1,9947.0,9256.9,9788.5,12966.0205340707
2020-05-15,9788.5,9847.1,9128.0,9312.1,11082.9155863306
2020-05-16,9310.5,9590.0,9221.1,9386.0,4905.1652807801
2020-05-17,9379.3,9888.0,9317.1,9673.0,6998.2496379501
2020-05-18,9675.6,9948.3,9400.0,9725.3,8025.3476343401
2020-05-19,9726.0,9900.0,9465.0,9779.3,8433.8825293601
2020-05-20,9779.2,9841.4,9310.0,9510.1,8928.3469999102
2020-05-21,9510.1,9564.0,8800.0,9057.3,12850.7853323204
2020-05-22,9057.5,9261.2,8925.0,9169.0,5948.2284644801
2020-05-23,9169.9,9316.0,9072.5,9178.6,3223.80644681
2020-05-24,9175.4,9300.0,8645.0,8715.1,6806.6889989801
2020-05-25,8712.8,8975.0,8644.0,8898.1,6019.2598988301
2020-05-26,8898.0,9012.0,8686.6,8841.7,5236.6655659401
2020-05-27,8840.7,9226.0,8810.6,9213.9,6834.0499044601
2020-05-28,9208.0,9625.0,9109.4,9577.9,8108.3575897002
2020-05-29,9578.0,9608.6,9312.0,9425.0,6002.56934043
2020-05-30,9424.9,9745.0,9330.0,9698.6,5071.7649756701
2020-05-31,9699.9,9700.0,9380.0,9447.4,3643.43597021
2020-06-01,9447.9,10370.0,9414.6,10206.2,9866.9511583503
2020-06-02,10210.1,10235.0,9300.0,9525.4,14963.9576298209
2020-06-03,9516.0,9690.0,9310.9,9664.1,4383.39531009
2020-06-04,9670.0,9884.7,9465.0,9791.4,6818.3281426901
2020-06-05,9792.1,9855.0,9537.9,9617.7,5121.00668816
2020-06-06,9617.6,9731.2,9527.4,9672.0,2681.15313308
2020-06-07,9668.7,9812.4,9386.6,9757.7,4869.61667609
2020-06-08,9755.7,9800.0,9626.8,9780.9,3571.19983983
2020-06-09,9782.0,9900.4,9560.3,9778.0,5905.61392668
2020-06-10,9778.0,10000.0,9680.0,9892.4,5841.62377546
2020-06-11,9892.2,9990.0,9090.5,9265.8,12247.9647187707
2020-06-12,9265.8,9545.0,9234.0,9460.0,4753.4416040001
2020-06-13,9459.9,9492.8,9353.8,9471.0,1910.81428241
2020-06-14,9472.9,9475.0,9230.6,9330.4,2680.38680179
2020-06-15,9328.4,9499.9,8905.0,9425.3,9823.8942829403
2020-06-16,9425.3,9593.0,9385.0,9528.5,5563.3804824601
2020-06-17,9527.5,9556.8,9233.4,9453.1,5393.86904625
2020-06-18,9453.1,9480.0,9268.2,9381.5,3652.89691828
2020-06-19,9381.5,9439.7,9219.9,9302.1,4506.12586124
2020-06-20,9301.2,9394.9,9165.0,9355.6,2127.73045817
2020-06-21,9357.0,9416.9,9280.0,9284.7,2014.19981502
2020-06-22,9284.7,9780.0,9275.0,9694.0,5237.8134433701
2020-06-23,9694.0,9721.3,9575.8,9622.3,3628.18725463
2020-06-24,9625.5,9661.7,9200.0,9282.0,5937.3825675202
2020-06-25,9290.6,9337.5,8992.4,9233.5,6244.4004857001
2020-06-26,9238.0,9285.0,9028.6,9150.3,5297.7242864001
2020-06-27,9153.0,9183.3,8812.8,9002.0,4249.82947999
2020-06-28,9003.9,9189.3,8937.5,9113.7,2562.549236
2020-06-29,9113.8,9230.0,9013.0,9183.5,4167.07503225
2020-06-30,9186.4,9199.0,9061.3,9133.9,2685.85190593
2020-07-01,9135.0,9300.3,9094.2,9234.5,3526.84648565
2020-07-02,9233.9,9269.2,8935.6,9086.0,4547.7909854001
2020-07-03,9086.0,9123.1,9041.4,9058.0,1653.45338581
2020-07-04,9058.1,9194.79999,9044.9,9138.5,1524.61115908
2020-07-05,9138.5,9143.5,8915.1,9083.8,1934.84786304
2020-07-06,9083.8,9372.0,9065.2,9348.2,4710.99455936
2020-07-07,9347.1,9378.0,9204.1,9256.79999,3589.57390874
2020-07-08,9258.4,9480.0,9237.6,9440.1,4307.83769511
2020-07-09,9440.0,9440.1,9155.2,9240.2,3777.4654786
2020-07-10,9236.0,9314.9,9125.0,9286.0,2669.31130629
2020-07-11,9286.1,9296.7,9186.4,9234.6,1145.08067574
2020-07-12,9234.5,9340.0,9161.5,9300.0,1680.46695427
2020-07-13,9300.0,9367.7,9195.7,9236.2,2851.58611097
2020-07-14,9237.2,9275.0,9095.0,9252.2,3085.67496472
2020-07-15,9253.9,9272.7,9155.1,9195.0,3307.89184941
2020-07-16,9194.9,9208.8,9021.7,9130.9,3908.88889355
2020-07-17,9131.0,9182.1,9078.5,9152.2,2171.77982895
2020-07-18,9152.2,9208.9,9123.0,9174.1,1053.47145049
2020-07-19,9173.7,9238.2,9111.1,9213.7,1355.36543889
2020-07-20,9216.1,9224.6,9131.5,9163.0,2034.71910929
2020-07-21,9163.0,9436.0,9157.29999,9393.79999,4024.556736
2020-07-22,9393.9,9569.0,9281.8,9529.9,3140.4226734399
2020-07-23,9529.8,9676.0,9460.0,9612.0,4565.37929496
2020-07-24,9612.0,9649.0,9480.0,9553.6,3345.6819382
2020-07-25,9553.6,9748.1,9540.9,9710.2,2412.07405751
2020-07-26,9712.1,10197.0,9666.7,9939.6,5226.34435476
2020-07-27,9939.6,11420.0,9937.1,11046.1,16319.4582922108
2020-07-28,11051.0,11263.1,10588.0,10934.0,8491.2430581302
2020-07-29,10934.0,11348.0,10852.2,11108.2,6259.9721997901
2020-07-30,11111.1,11187.2,10828.8,11114.8,5060.58169325
2020-07-31,11114.8,11460.0,10980.0,11356.2,5392.1110028201
2020-08-01,11356.1,11883.4,11239.4,11809.9,6936.4057778601
2020-08-02,11811.0,12126.6,10590.0,11067.1,9104.7429979403
2020-08-03,11072.1,11484.2,10827.9,11237.3,4734.4466450201
2020-08-04,11237.1,11419.0,11028.5,11197.5,3414.15225619
2020-08-05,11200.0,11791.4,11099.2,11746.0,5231.2420438801
2020-08-06,11746.0,11912.2,11579.3,11771.5,4420.08325599
2020-08-07,11771.5,11918.7,11350.0,11603.5,5265.4463152701
2020-08-08,11603.5,11813.8,11540.0,11768.0,2219.1048216
2020-08-09,11768.0,11804.9,11532.5,11687.5,1618.71176563
2020-08-10,11689.7,12082.9,11535.5,11898.7,6929.9575936601
2020-08-11,11898.7,11939.0,11133.0,11391.7,7266.6847931802
2020-08-12,11391.6,11620.0,11163.0,11576.6,4049.43335082
2020-08-13,11576.7,11799.0,11269.0,11794.6,4297.03201047
2020-08-14,11794.8,11867.1,11658.5,11772.6,3550.7509638
2020-08-15,11775.0,11988.0,11675.0,11858.3,3176.34225479
2020-08-16,11855.6,11939.5,11701.0,11916.8,1955.79690442
2020-08-17,11919.9,12480.6,11775.0,12301.7,6922.3901397102
2020-08-18,12301.7,12393.7,11807.7,11957.0,6055.6413622901
2020-08-19,11955.2,12020.0,11569.4,11757.4,5945.8071854401
2020-08-20,11757.2,11899.7,11675.0,11864.6,3273.30757194
2020-08-21,11864.5,11884.8,11500.0,11522.7,3996.95631605
2020-08-22,11522.7,11687.0,11350.0,11672.7,2777.61565623
2020-08-23,11672.7,11715.0,11525.2,11652.6,1207.43793074
2020-08-24,11653.2,11821.9,11600.0,11764.8,2158.26094776
2020-08-25,11760.5,11768.8,11120.0,11330.0,5258.2402249101
2020-08-26,11330.1,11539.0,11251.7,11469.5,2743.1327653699
2020-08-27,11469.6,11598.8,11128.4,11327.9,4708.31889166
2020-08-28,11327.9,11549.7,11283.8,11532.6,2688.6904926
2020-08-29,11531.0,11580.0,11408.1,11480.9,1489.5777662
2020-08-30,11480.9,11715.0,11469.0,11713.1,1357.35992627
2020-08-31,11713.0,11785.0,11580.0,11656.9,2463.35273947
2020-09-01,11657.2,12068.6,11532.8,11926.8,4036.05221456
2020-09-02,11926.3,11955.3,11187.0,11396.9,6179.0642033701
2020-09-03,11399.2,11478.0,10025.0,10180.1,10567.1521481002
2020-09-04,10180.0,10634.8,9914.6,10463.6,7291.8885893402
2020-09-05,10463.5,10565.0,9856.3,10162.2,6725.5237442401
2020-09-06,10164.0,10345.0,10010.0,10253.1,2497.15786405
2020-09-07,10256.2,10415.3,9877.6,10377.4,4070.35031772
2020-09-08,10377.5,10440.0,9850.0,10123.3,5532.3918343401
2020-09-09,10123.3,10350.0,9983.2,10229.7,3169.4485066
2020-09-10,10229.5,10488.0,10227.5,10350.1,3714.0908714201
2020-09-11,10350.0,10411.3,10210.0,10398.2,2682.48875246
2020-09-12,10398.1,10475.0,10280.0,10447.5,2068.36599332
2020-09-13,10447.5,10573.0,10217.2,10328.2,2427.79196668
2020-09-14,10328.2,10745.0,10251.2,10674.9,4151.7322833901
2020-09-15,10675.0,10935.0,10620.0,10785.2,4280.9243553801
2020-09-16,10785.2,11097.9,10670.2,10951.1,4155.0362098373
2020-09-17,10951.3,11043.2,10750.3,10944.8,3387.9454468
2020-09-18,10944.8,11039.1,10818.0,10934.7,2354.54057504
2020-09-19,10934.8,11178.2,10898.9,11080.7,1827.56916142
2020-09-20,11078.0,11078.0,10766.2,10918.5,2298.82352174
2020-09-21,10918.6,10985.0,10300.0,10415.0,6425.3480772201
2020-09-22,10417.9,10570.0,10362.8,10532.5,3177.44162823
2020-09-23,10531.2,10534.0,10134.6,10230.7,4306.7229778201
2020-09-24,10230.7,10788.3,10192.4,10740.2,4593.2529370501
2020-09-25,10738.9,10761.6,10565.0,10695.1,3847.35826784
2020-09-26,10695.3,10835.0,10662.2,10733.3,1457.36381544
2020-09-27,10733.4,10799.0,10600.0,10776.1,1581.06337723
2020-09-28,10778.4,10945.0,10640.0,10694.1,3476.44848254
2020-09-29,10694.1,10860.0,10645.0,10842.2,2743.9082823
2020-09-30,10841.4,10842.4,10670.0,10774.9,2473.82922088
2020-10-01,10774.9,10930.0,10451.0,10616.1,5064.96171829
2020-10-02,10611.0,10655.5,10384.3,10574.8,3866.3273097401
2020-10-03,10574.8,10603.7,10504.1,10553.0,1221.43053437
2020-10-04,10553.0,10690.0,10531.2,10676.4,1234.25174381
2020-10-05,10676.4,10799.0,10632.0,10799.0,2274.02057894
2020-10-06,10799.0,10803.6,10527.0,10605.4,3347.5426593
2020-10-07,10605.0,10676.6,10552.6,10669.9,2177.50587476
2020-10-08,10670.0,10969.6,10540.0,10934.1,4228.0669382801
2020-10-09,10931.9,11110.6,10842.0,11060.2,3237.00773051
2020-10-10,11060.1,11499.0,11060.1,11301.5,3960.9589007701
2020-10-11,11299.4,11443.9,11262.0,11376.6,2180.88632597
2020-10-12,11376.6,11725.9,11202.9,11535.8,4883.07187989
2020-10-13,11534.6,11560.0,11315.0,11428.6,3464.47542678
2020-10-14,11428.9,11555.0,11300.0,11433.1,2817.85908619
2020-10-15,11433.2,11628.0,11255.3,11501.0,3310.60603618
2020-10-16,11501.0,11549.0,11207.0,11326.9,3689.18449699
2020-10-17,11327.0,11411.8,11254.6,11363.9,1155.95428631
2020-10-18,11364.0,11515.1,11355.7,11508.9,1062.87912435
2020-10-19,11508.8,11838.3,11416.6,11757.0,4364.7070142601
2020-10-20,11757.0,12070.0,11678.8,11925.4,5301.9124463201
2020-10-21,11926.7,13241.4,11905.7,12813.0,11497.5934743707
2020-10-22,12813.0,13199.0,12690.5,12984.1,5337.4366232501
2020-10-23,12985.4,13032.8,12735.0,12939.0,3897.1695500701
2020-10-24,12939.0,13172.3,12890.7,13130.9,1813.58698169
2020-10-25,13130.9,13351.0,12833.0,13039.2,3508.3677975501
2020-10-26,13039.8,13243.6,12801.0,13080.0,4628.5776901401
2020-10-27,13080.0,13794.8,13064.0,13649.6,7598.8440792702
2020-10-28,13649.1,13851.6,12900.0,13289.5,8264.0405736603
2020-10-29,13288.0,13644.0,12975.0,13463.1,5549.8502509401
2020-10-30,13462.1,13684.9,13131.0,13567.0,6467.9160109703
2020-10-31,13567.0,14080.0,13425.5,13809.1,5282.1115520202
2020-11-01,13799.0,13900.6,13634.6,13762.5,2302.11145634
2020-11-02,13762.6,13840.0,13218.3,13565.8,5151.1168594801
2020-11-03,13568.3,14062.8,13305.0,14021.8,5039.1025017402
2020-11-04,14028.8,14266.4,13540.7,14163.3,7484.6792284803
2020-11-05,14165.7,15782.3,14120.1,15610.4,13893.3531034807
2020-11-06,15610.3,15967.0,15177.0,15599.2,9645.327078111
2020-11-07,15602.8,15769.9,14365.0,14837.3,7646.3994703811
2020-11-08,14837.4,15650.0,14726.6,15480.1,4503.7908673101
2020-11-09,15480.0,15843.3,14824.7,15322.9,7504.1805897306
2020-11-10,15339.1,15474.9,15100.0,15316.7,3736.89301767
2020-11-11,15319.0,15990.0,15300.0,15708.7,6372.8562044102
2020-11-12,15708.6,16345.0,15425.3,16307.8,9541.8985202304
2020-11-13,16308.6,16489.4,15980.6,16343.4,6047.9709983004
2020-11-14,16343.3,16343.4,15735.0,16080.1,3713.3489932701
2020-11-15,16086.5,16170.5,15801.0,15962.3,2083.20526402
2020-11-16,15966.8,16892.9,15884.3,16721.1,6629.5338163103
2020-11-17,16723.8,17876.1,16569.5,17684.8,10140.2782553404
2020-11-18,17680.0,18495.0,17200.0,17800.0,13809.8437287403
2020-11-19,17800.0,18200.0,17369.0,17828.2,6833.9010904703
2020-11-20,17827.4,18824.0,17780.0,18680.2,6868.2597017003
2020-11-21,18673.6,18977.5,18333.0,18708.7,4874.5354938401
2020-11-22,18708.7,18764.9,17620.0,18450.2,6457.6718989302
2020-11-23,18433.7,18780.0,18005.0,18387.8,6160.7814073902
2020-11-24,18380.2,19448.0,18069.7,19173.8,9038.2961205006
2020-11-25,19169.6,19509.3,18425.1,18723.4,6923.7007867703
2020-11-26,18725.9,18900.0,16210.0,17164.6,18298.6892329206
2020-11-27,17165.0,17460.0,16450.8,17144.2,5962.0483879304
2020-11-28,17146.0,17890.0,16871.1,17732.9,5037.3462235501
2020-11-29,17731.6,18356.1,17525.0,18194.2,5284.4009788502
2020-11-30,18195.6,19850.0,16660.0,19708.1,13486.0180272008
2020-12-01,19706.5,19947.5,18111.0,18782.9,12790.053358841
2020-12-02,18777.0,19350.0,18347.1,19231.4,6800.5585341904
2020-12-03,19219.3,19600.0,18851.9,19451.3,5045.7282646203
2020-12-04,19440.7,19536.1,18561.6,18665.8,5834.1169808403
2020-12-05,18655.0,19179.3,18511.0,19153.0,2374.3677933
2020-12-06,19153.1,19437.0,18857.8,19392.9,2717.60065321
2020-12-07,19385.0,19440.0,18900.0,19178.6,3138.3648126
2020-12-08,19182.5,19300.0,18120.0,18320.5,6386.0188942304
2020-12-09,18313.1,18640.0,17649.9,18548.5,7731.9433204309
2020-12-10,18548.4,18557.2,17911.1,18245.5,4911.0903680802
2020-12-11,18246.4,18285.0,17572.0,18031.5,6183.5641757404
2020-12-12,18031.5,18986.9,18024.0,18806.9,4583.5004371102
2020-12-13,18814.4,19420.0,18712.6,19164.1,4740.4116830301
2020-12-14,19163.0,19342.7,19002.0,19281.1,3153.24214073
2020-12-15,19281.0,19551.5,19048.9,19439.7,5539.3514557002
2020-12-16,19439.5,21577.4,19302.4,21378.1,11843.6787973608
2020-12-17,21361.7,23751.0,21264.4,22826.2,18993.4418147003
2020-12-18,22811.8,23317.1,22308.2,23130.5,6050.9375516505
2020-12-19,23132.8,24288.2,22800.0,23871.5,6255.1278031004
2020-12-20,23871.5,24297.7,23084.9,23480.7,5876.1003718503
2020-12-21,23480.8,24090.0,21885.6,22716.1,10783.1826497905
2020-12-22,22724.6,23837.0,22354.2,23828.2,5728.0076678903
2020-12-23,23823.0,24080.0,22629.2,23226.7,8830.5519555104
2020-12-24,23225.5,23750.0,22723.0,23718.6,4800.5252105802
2020-12-25,23718.7,24777.7,23410.8,24698.6,6178.7795145502
2020-12-26,24703.8,26800.0,24500.0,26441.2,9648.0553673107
2020-12-27,26442.2,28353.2,25634.6,26251.4,14257.9986173218
2020-12-28,26238.0,27460.9,26056.4,27029.5,7871.3414998205
2020-12-29,27028.9,27400.0,25850.0,27376.2,8698.4526036105
2020-12-30,27376.2,28972.1,27346.0,28879.9,10428.391221441
2020-12-31,28880.0,29291.7,27844.0,28959.2,7612.5243863706
2021-01-01,28959.4,29670.0,28672.3,29398.9,5856.8689765704
2021-01-02,29398.7,33245.0,29028.7,32238.8,19615.9135088909
2021-01-03,32215.4,34771.0,32002.0,33082.7,12135.9257712914
2021-01-04,33082.7,33652.3,27920.0,32048.0,16125.6284049796
2021-01-05,32047.9,34499.0,29910.5,34050.0,10982.675537282
2021-01-06,34049.7,36989.0,33373.4,36876.7,12345.5920016518
2021-01-07,36873.4,40376.9,36201.0,39489.0,16175.895568712
2021-01-08,39489.0,41989.0,36618.0,40666.7,14072.2190359223
2021-01-09,40644.2,41418.0,38765.2,40252.1,5989.3625067904
2021-01-10,40256.8,41437.5,34875.0,38170.5,14578.1203826714
2021-01-11,38170.3,38249.9,30302.0,35439.3,27061.9819623096
2021-01-12,35444.0,36626.6,32416.8,34046.4,13744.9520174716
2021-01-13,34038.2,37820.0,32349.9,37390.1,13128.5398225415
2021-01-14,37390.1,40115.0,36676.6,39151.6,10488.496784331
2021-01-15,39121.5,39686.1,34371.0,36739.8,13486.0383900916
2021-01-16,36744.6,37947.5,35342.2,36014.6,8842.4225209305
2021-01-17,36010.5,36873.9,33850.0,35816.4,9017.8962708507
2021-01-18,35815.6,37400.0,34754.5,36622.5,7464.6263377408
2021-01-19,36622.5,37860.0,35900.0,35925.6,6298.6763768309
2021-01-20,35925.5,36396.7,33374.0,35511.8,9170.1907456712
2021-01-21,35511.8,35614.1,30056.1,30832.6,19513.4329556502
2021-01-22,30832.5,33850.0,28800.0,33000.0,15251.5497922314
2021-01-23,33000.1,33496.4,31350.0,32100.5,6099.1139601405
2021-01-24,32101.1,33088.2,30950.0,32292.0,4828.2680452901
2021-01-25,32297.8,34872.7,31908.7,32274.4,9134.6478983512
2021-01-26,32266.9,32932.8,30816.2,32501.0,8854.2051065709
2021-01-27,32509.2,32579.0,29255.0,30424.2,11215.3269086813
2021-01-28,30422.6,33872.1,29900.0,33430.4,8816.4877918908
2021-01-29,33430.5,38621.0,32000.0,34261.7,20784.4427308376
2021-01-30,34266.3,34902.0,32865.2,34296.5,5251.3759652804
2021-01-31,34297.4,34373.2,32200.0,33122.0,4625.2998559102
2021-02-01,33121.8,34700.0,32325.3,33533.9,5477.6537593401
2021-02-02,33534.1,36000.0,33462.1,35500.0,6824.9547210305
2021-02-03,35500.0,37676.0,35394.8,37670.9,7014.2197927406
2021-02-04,37676.0,38735.1,36202.0,36979.0,7172.5130320907
2021-02-05,36975.8,38340.0,36582.9,38296.7,4809.5428030601
2021-02-06,38311.7,40986.0,38221.4,39257.0,9126.767296331
2021-02-07,39257.0,39704.4,37410.5,38874.9,5135.5400370902
2021-02-08,38867.1,46727.2,38075.0,46425.8,13678.9038789419
2021-02-09,46425.7,48222.0,45050.0,46502.8,10574.2177171011
2021-02-10,46504.5,47340.0,43734.8,44847.5,6451.5589309807
2021-02-11,44839.5,48703.6,44046.2,47962.8,7962.9749238808
2021-02-12,47979.9,48925.0,46263.0,47470.4,5332.2963026705
2021-02-13,47438.2,48224.1,46285.0,47199.9,2631.80889729
2021-02-14,47199.9,49700.0,47038.7,48649.7,3553.1121378302
2021-02-15,48655.4,49043.3,45710.5,47937.1,5337.9992426606
2021-02-16,47937.1,50599.9,47040.1,49218.7,6175.5206920008
2021-02-17,49185.6,52779.6,48967.4,52130.0,7320.837030941
2021-02-18,52130.0,52555.1,50904.2,51600.9,4118.2056143
2021-02-19,51590.5,56349.9,50683.4,55926.9,8055.792485171
2021-02-20,55926.5,57500.0,53961.9,55938.7,5846.2468126109
2021-02-21,55931.5,58339.0,55490.5,57478.3,3727.8357359701
2021-02-22,57475.9,57567.6,45002.0,54154.8,12299.5357048214
2021-02-23,54128.0,54200.0,45000.0,48899.8,17080.2124895114
2021-02-24,48899.6,51442.5,47015.7,49727.7,8110.2329768606
2021-02-25,49726.1,52071.9,46702.0,47061.5,7523.6278568107
2021-02-26,47072.1,48449.0,44120.3,46314.5,10050.9380876711
2021-02-27,46307.2,48350.0,45022.9,46170.2,4235.5489641701
2021-02-28,46163.9,46706.2,43020.0,45245.4,6840.3924660405
2021-03-01,45234.7,49818.1,45046.8,49620.7,7070.9201986405
2021-03-02,49615.3,50225.8,47050.2,48486.2,5796.8196537606
2021-03-03,48495.9,52600.0,48160.0,50400.0,6721.5926205006
2021-03-04,50400.0,51820.4,47500.0,48330.0,7226.2252871207
2021-03-05,48330.0,49539.3,46312.0,48734.7,7480.6775058508
2021-03-06,48767.4,49232.2,47111.9,48899.9,3104.70756826
2021-03-07,48906.0,51470.2,48905.9,50962.3,4519.0060194802
2021-03-08,50971.3,52432.9,49368.0,52375.0,4669.9722116902
2021-03-09,52383.0,54929.0,51875.0,54929.0,5890.7425093506
2021-03-10,54922.7,57378.0,53051.0,55851.0,8091.8840090705
2021-03-11,55859.9,58150.1,54286.3,57809.9,6111.0435008706
2021-03-12,57807.0,58069.5,55040.2,57234.0,4971.6154262605
2021-03-13,57238.9,61724.6,56073.2,61174.9,7245.6367871212
2021-03-14,61174.9,61639.2,59001.0,59001.1,3394.4720551103
2021-03-15,59001.0,60580.0,54593.8,55600.0,6721.1037380207
2021-03-16,55627.6,56891.1,52500.0,56891.1,6381.1242836106
2021-03-17,56891.1,58951.0,53752.0,58933.0,6509.2925827305
2021-03-18,58940.5,60000.0,57007.0,57640.9,5831.8579109405
2021-03-19,57640.0,59461.5,56243.1,58101.8,3859.3586564402
2021-03-20,58085.0,59880.0,57545.2,58091.6,3369.7625079399
2021-03-21,58080.5,58835.6,55536.5,57378.4,3911.9773463001
2021-03-22,57368.8,58403.2,53775.0,54095.1,6156.2777321605
2021-03-23,54098.2,55814.9,53011.0,54351.3,5033.1653273002
2021-03-24,54341.2,57200.0,51641.8,52293.8,7897.2800128907
2021-03-25,52280.4,53219.9,50436.3,51314.9,6482.7849308802
2021-03-26,51318.2,55107.0,51239.1,55062.2,4954.1211258903
2021-03-27,55062.1,56668.0,54000.0,55852.4,3968.9158267101
2021-03-28,55852.5,56550.0,54690.9,55782.0,3562.54681255
2021-03-29,55782.3,58619.7,54919.0,57624.2,5884.8916002205
2021-03-30,57627.5,59380.0,57055.0,58781.0,3941.68729389
2021-03-31,58781.1,59800.0,56813.8,58786.2,5451.5682908604
2021-04-01,58780.4,59474.6,57917.1,58732.9,2449.85913479
2021-04-02,58732.9,60025.0,58500.0,59020.7,4199.5072887505
2021-04-03,59020.7,59867.1,56955.0,57099.0,3552.8208806402
2021-04-04,57099.0,58495.6,56468.4,58195.0,2188.9765912
2021-04-05,58195.1,59278.1,56820.0,59120.0,3422.7038238902
2021-04-06,59120.0,59462.8,57377.1,58017.1,2656.52127465
2021-04-07,58017.2,58652.1,55460.0,55928.5,5047.9435090008
2021-04-08,55936.6,58159.1,55728.0,58036.9,2513.6294685701
2021-04-09,58037.0,58890.4,57538.3,58110.0,3098.6796464801
2021-04-10,58110.0,61207.0,57882.0,59775.6,5891.7700090204
2021-04-11,59760.9,60652.6,59178.7,59956.0,2616.0461726701
2021-04-12,59967.9,61200.0,59420.0,59823.7,3520.9710070802
2021-04-13,59823.7,63882.5,59781.2,63587.2,6335.6638437806
2021-04-14,63581.0,64900.0,61315.0,62969.0,6028.0992626607
2021-04-15,62963.0,63830.0,62050.0,63243.0,2859.75955315
2021-04-16,63243.1,63593.1,60100.0,61455.0,5829.1971332804
2021-04-17,61455.1,62636.4,59702.4,60085.2,3141.8177584102
2021-04-18,60085.2,60403.2,51017.1,56239.8,12577.4302846515
2021-04-19,56227.5,57594.7,54228.9,55720.0,6649.9861677706
2021-04-20,55720.0,57110.4,53388.3,56500.0,7804.2319194406
2021-04-21,56500.0,56805.5,53600.0,53815.2,4788.0135324201
2021-04-22,53815.3,55459.4,50500.0,51730.0,10144.2040737508
2021-04-23,51709.3,52124.4,47549.3,51178.7,11159.2433801907
2021-04-24,51178.6,51200.0,48746.4,50093.4,4039.4590929701
2021-04-25,50085.7,50580.4,47000.0,49106.5,5239.2858571304
2021-04-26,49112.6,54419.5,48828.6,54051.9,6729.2551790403
2021-04-27,54056.1,55500.0,53333.4,55078.7,3213.82542637
2021-04-28,55077.4,56500.0,53868.4,54899.3,3685.5205692001
2021-04-29,54886.1,55246.3,52390.2,53579.6,4529.5942054701
2021-04-30,53579.7,57987.8,53071.6,57780.0,4816.8241907203
2021-05-01,57780.3,58525.5,57070.0,57859.2,2688.03364761
2021-05-02,57859.0,57959.5,56101.0,56618.5,2371.7051809199
2021-05-03,56618.6,58981.4,56505.0,57193.5,3958.8429160203
2021-05-04,57193.4,57214.4,53100.1,53239.4,6120.3667533505
2021-05-05,53201.1,57999.8,53000.0,57497.1,5052.9731188703
2021-05-06,57494.2,58420.2,55309.0,56421.1,3815.8529065301
2021-05-07,56421.0,58700.0,55320.0,57383.0,4492.8113872602
2021-05-08,57388.0,59521.4,57000.0,58953.8,4318.9052982504
2021-05-09,58951.5,59264.0,56326.0,58293.1,4279.9085440702
2021-05-10,58320.5,59598.8,53470.0,55888.1,6706.4592835506
2021-05-11,55887.6,56949.9,54538.5,56747.5,3816.3438372301
2021-05-12,56754.7,57983.6,48605.0,49502.7,8462.3981419606
2021-05-13,49502.7,51412.4,45000.0,49675.2,13358.3362639218
2021-05-14,49675.2,51540.0,48886.0,49899.0,5361.7200804503
2021-05-15,49899.0,50827.3,46600.0,46771.1,5671.8094596904
2021-05-16,46761.0,49828.8,43824.3,46482.4,8209.3740315706
2021-05-17,46474.7,46648.5,42111.2,43551.8,11237.7158519309
2021-05-18,43551.9,45823.4,42297.9,42895.2,7804.8557600506
2021-05-19,42898.4,43562.0,29800.0,36742.3,32688.2714016786
2021-05-20,36765.2,42559.8,35000.0,40614.6,14149.3037928515
2021-05-21,40609.6,42270.6,33533.9,37331.7,17022.8028817514
2021-05-22,37329.1,38841.7,35250.2,37468.3,9118.9239681104
2021-05-23,37474.8,38269.7,31078.7,34718.8,14832.7385150622
2021-05-24,34718.8,39989.9,34420.8,38833.8,11058.7076006206
2021-05-25,38843.0,39841.8,36500.0,38388.1,9236.1255770804
2021-05-26,38373.3,40893.6,37828.7,39283.9,9233.5652568607
2021-05-27,39290.0,40398.0,37230.0,38516.4,5898.0065665005
2021-05-28,38537.1,38872.0,34719.0,35683.9,9065.6634741707
2021-05-29,35683.8,37300.0,33652.8,34616.6,5845.4083097104
2021-05-30,34631.9,36491.0,33423.2,35673.8,4455.0630447101
2021-05-31,35667.9,37512.8,34200.0,37303.8,6224.6059418603
2021-06-01,37273.1,37934.3,35748.0,36676.3,5703.0329353504
2021-06-02,36676.4,38209.2,35929.2,37565.3,6307.9793797702
2021-06-03,37565.3,39471.0,37159.1,39196.6,5230.0762865801
2021-06-04,39212.3,39249.8,35576.7,36847.7,4991.5174428003
2021-06-05,36857.6,37935.8,34825.9,35534.6,5532.7532598602
2021-06-06,35532.2,36479.5,35251.1,35789.0,3187.5464012101
2021-06-07,35783.2,36796.3,33334.3,33587.6,6165.9204548603
2021-06-08,33578.6,34059.4,31017.4,33420.0,10548.3269432012
2021-06-09,33409.7,37500.0,32420.4,37396.4,9357.4721092006
2021-06-10,37398.9,38399.0,35803.7,36678.4,7733.1005930003
2021-06-11,36684.5,37654.3,35952.7,37322.2,5218.2968323901
2021-06-12,37322.2,37449.5,34680.0,35544.9,5765.3741687501
2021-06-13,35544.9,39409.4,34801.0,39034.6,6771.2279045502
2021-06-14,39035.7,41068.9,38734.1,40530.8,9383.6892931007
2021-06-15,40529.1,41341.8,39461.1,40166.6,6924.3535287603
2021-06-16,40167.3,40493.0,38120.0,38337.1,6487.2068884504
2021-06-17,38337.1,39561.4,37405.0,38078.2,6003.2206182704
2021-06-18,38078.2,38193.1,35126.0,35824.0,6558.4688904004
2021-06-19,35824.0,36450.0,34901.0,35490.5,4485.0766557101
2021-06-20,35484.2,36112.2,33370.0,35595.0,6286.3064383005
2021-06-21,35595.7,35750.8,31260.0,31655.2,11395.9598990312
2021-06-22,31620.6,33290.0,28816.6,32516.2,16188.9310221116
2021-06-23,32516.5,34879.4,32402.3,33683.3,6290.8945684303
2021-06-24,33685.8,35311.2,32333.0,34666.6,4823.6112407002
2021-06-25,34669.6,35509.1,31278.3,31583.7,6444.5111914406
2021-06-26,31577.3,32691.1,30179.0,32277.0,5160.3726539902
2021-06-27,32275.9,34700.0,32025.0,34675.3,4214.1080614801
2021-06-28,34700.0,35288.1,33872.6,34472.0,3680.10739483
2021-06-29,34475.9,36643.2,34268.0,35903.3,4467.5153223501
2021-06-30,35876.6,36090.7,34066.0,35046.2,5223.90102591
2021-07-01,35070.4,35070.4,32717.2,33532.4,4023.92614027
2021-07-02,33513.6,34000.0,32721.4,33802.9,2762.79516981
2021-07-03,33802.8,34930.0,33348.9,34685.4,2772.05699173
2021-07-04,34685.3,35948.9,34381.1,35305.0,1575.85747848
2021-07-05,35305.1,35305.1,33080.3,33697.6,3947.92736985
2021-07-06,33700.1,35113.4,33555.0,34235.0,2949.3821625
2021-07-07,34215.4,35065.4,33825.5,33885.1,3122.54275335
2021-07-08,33885.1,33946.8,32112.6,32882.2,5379.8765821503
2021-07-09,32878.4,34088.0,32273.3,33791.0,2699.30888779
2021-07-10,33820.7,34252.8,32968.2,33522.2,2916.1599983
2021-07-11,33516.5,34612.1,33335.1,34246.9,1476.82314333
2021-07-12,34246.9,34665.7,32678.0,33107.3,2411.81951801
2021-07-13,33101.8,33340.7,32204.0,32722.9,2831.07843838
2021-07-14,32722.9,33114.5,31555.6,32815.2,3406.33679921
2021-07-15,32815.2,33188.3,31150.1,31832.6,3350.03809698
2021-07-16,31868.5,32250.0,31050.0,31405.9,3545.77002185
2021-07-17,31405.9,31934.4,31175.2,31510.0,2493.57716534
2021-07-18,31503.3,32440.4,31133.4,31780.1,1750.63805531
2021-07-19,31783.9,31894.6,30415.1,30820.5,3015.01589352
2021-07-20,30827.2,31065.9,29288.6,29788.1,4981.1247797101
2021-07-21,29788.1,32844.4,29505.0,32125.0,5662.4483062302
2021-07-22,32125.0,32607.9,31722.4,32283.3,2665.92697389
2021-07-23,32283.3,33639.0,32015.1,33639.0,2340.25370689
2021-07-24,33639.0,34525.9,33431.8,34284.6,1796.6004337094
2021-07-25,34281.7,35436.0,33869.9,35413.6,2190.29105584
2021-07-26,35421.2,40533.0,35254.9,37274.9,10290.1571103803
2021-07-27,37270.3,39524.3,36406.8,39506.2,5033.9078549803
2021-07-28,39475.1,40919.1,38805.0,40011.0,7225.1845281208
2021-07-29,40025.4,40625.0,39267.2,40000.0,3197.10039471
2021-07-30,40000.0,42306.8,38345.1,42229.6,5116.8191507902
2021-07-31,42234.9,42400.0,41060.9,41488.5,2953.69498726
2021-08-01,41500.2,42598.7,39413.5,39889.1,3446.9806098302
2021-08-02,39889.9,40440.8,38700.0,39152.3,3504.70836076
2021-08-03,39152.4,39791.1,37655.0,38163.0,2952.96871944
2021-08-04,38163.0,39950.0,37527.9,39749.0,3280.09621767
2021-08-05,39749.0,41403.5,37355.0,40886.4,4722.9859613101
2021-08-06,40886.5,43401.9,39900.0,42823.9,5187.4077333602
2021-08-07,42861.7,44721.8,42495.0,44610.7,4617.8705163301
2021-08-08,44612.1,45348.0,43320.0,43845.6,3667.28592934
2021-08-09,43845.6,46484.1,42827.7,46307.1,5654.1015815302
2021-08-10,46300.8,46688.0,44666.0,45595.1,3102.04353969
2021-08-11,45606.9,46736.4,45373.5,45571.7,3504.5328103
2021-08-12,45570.0,46195.4,43800.1,44401.1,3570.42624032
2021-08-13,44401.1,47898.5,44251.2,47823.3,3816.14935216
2021-08-14,47823.2,48164.0,46042.5,47115.2,2970.19914208
2021-08-15,47111.8,47385.0,45550.0,47019.3,2101.35909566
2021-08-16,47023.7,48072.6,45697.4,45926.3,2739.39057218
2021-08-17,45926.2,47172.3,44401.2,44672.2,3292.6423671601
2021-08-18,44672.3,46000.0,44250.0,44714.7,3213.17945183
2021-08-19,44720.2,47062.2,44000.0,46765.3,2627.8533089
2021-08-20,46770.8,49400.0,46662.9,49345.4,3541.2337214301
2021-08-21,49345.5,49790.0,48267.6,48865.4,2697.47503994
2021-08-22,48865.3,49532.3,48058.1,49293.6,1740.18402632
2021-08-23,49293.4,50500.0,49060.0,49517.3,3119.26102911
2021-08-24,49517.2,49867.0,47601.1,47725.4,3149.2929424901
2021-08-25,47715.1,49245.0,47146.3,48991.3,2613.92333568
2021-08-26,48991.4,49350.0,46284.8,46848.9,3194.86087564
2021-08-27,46846.7,49174.9,46386.4,49074.9,2672.64773984
2021-08-28,49074.9,49314.0,48393.9,48895.7,1300.71840626
2021-08-29,48895.7,49653.9,47800.0,48787.7,2232.52440756
2021-08-30,48787.7,48900.0,46861.6,46985.7,2528.07798392
2021-08-31,46987.1,48248.0,46715.0,47140.0,2213.75081915
2021-09-01,47140.0,49137.3,46550.0,48872.2,2575.08182011
2021-09-02,48872.1,50372.9,48622.0,49290.3,3436.6645161701
2021-09-03,49290.2,51009.7,48356.0,50018.6,3628.82427331
2021-09-04,50022.9,50559.5,49363.6,49956.1,1604.31873364
2021-09-05,49956.1,51890.9,49512.4,51767.9,1807.72703411
2021-09-06,51768.0,52800.0,51025.5,52688.3,2979.38538145
2021-09-07,52688.2,52900.0,42000.0,46882.1,8797.5533727708
2021-09-08,46889.5,47362.4,44444.0,46073.4,3486.8708239101
2021-09-09,46064.3,47399.0,45498.7,46389.6,2328.76679262
2021-09-10,46389.7,47035.8,44135.2,44842.2,3303.07297039
2021-09-11,44842.2,45992.4,44741.0,45137.4,1239.97337633
2021-09-12,45148.8,46487.9,44770.0,46061.3,1202.06666163
2021-09-13,46061.3,46879.0,43374.9,44965.8,3673.5190491901
2021-09-14,44965.8,47260.0,44700.0,47145.9,2114.13267011
2021-09-15,47110.5,48481.0,46744.0,48152.3,2160.39781268
2021-09-16,48152.3,48485.8,47030.1,47786.9,2372.97320098
2021-09-17,47786.9,48185.9,46745.7,47269.7,2007.83571876
2021-09-18,47269.7,48800.0,47077.9,48309.9,1277.08379196
2021-09-19,48306.9,48379.1,46851.2,47237.8,1219.51050215
2021-09-20,47247.3,47307.7,42510.0,42992.9,5755.7864731302
2021-09-21,42992.9,43624.7,39579.0,40710.6,7261.1516045702
2021-09-22,40710.5,44024.2,40600.0,43562.8,3503.53780428
2021-09-23,43563.3,45000.0,43111.6,44889.8,4176.71154133
2021-09-24,44888.9,45153.0,40750.0,42833.2,4412.37782314
2021-09-25,42831.7,43021.7,41705.1,42710.1,1058.57183586
2021-09-26,42710.1,43930.4,40802.7,43204.6,2250.76323745
2021-09-27,43175.2,44333.0,42120.7,42176.3,1977.8996415899
2021-09-28,42176.3,42750.0,40875.6,41038.4,2231.71257206
2021-09-29,41016.0,42579.9,40772.2,41524.8,1708.2588589999
2021-09-30,41523.9,44100.0,41423.7,43798.7,3053.6462907101
2021-10-01,43798.7,48475.0,43300.3,48163.7,6512.5404859505
2021-10-02,48168.8,48349.2,47487.1,47662.0,1621.17649347
2021-10-03,47657.3,49257.9,47131.1,48230.2,1653.13750113
2021-10-04,48228.6,49500.0,46895.8,49243.3,2828.9287497
2021-10-05,49239.2,51888.0,49084.3,51487.0,4047.3145890401
2021-10-06,51492.9,55770.0,50366.4,55350.2,7380.2335466005
2021-10-07,55350.2,55352.2,53399.8,53817.3,3123.8602239701
2021-10-08,53817.4,56114.1,53685.0,53960.5,2630.7722918301
2021-10-09,53960.9,55515.1,53700.0,54960.2,1238.78854205
2021-10-10,54967.4,56500.0,54118.6,54677.5,2295.10818143
2021-10-11,54678.9,57837.7,54450.2,57499.5,2787.0961290401
2021-10-12,57482.8,57673.8,54019.2,56010.1,3699.8367330301
2021-10-13,55991.9,57777.0,54271.2,57381.2,3018.73591985
2021-10-14,57381.2,58580.4,56825.0,57377.6,2594.22360564
2021-10-15,57357.1,62887.5,56888.5,61656.2,5171.6576872004
2021-10-16,61669.8,62400.0,60162.0,60873.4,1963.72806446
2021-10-17,60868.5,61674.3,58900.2,61526.5,2142.26443974
2021-10-18,61526.1,62672.6,59900.0,62037.7,3406.1905642201
2021-10-19,62009.6,64448.0,61320.0,64284.9,3564.4920666701
2021-10-20,64291.6,66982.2,63546.2,66035.8,3553.4015067402
2021-10-21,66035.7,66637.8,54100.0,62198.0,6504.9611483705
2021-10-22,62197.4,63757.9,60034.2,60687.5,2972.78004094
2021-10-23,60687.5,61713.9,59610.4,61296.9,1276.37709253
2021-10-24,61297.6,61450.0,59523.0,60882.5,1443.19001317
2021-10-25,60865.1,63700.0,60674.0,63081.8,2256.83615934
2021-10-26,63081.7,63288.0,59824.2,60310.2,2575.37764474
2021-10-27,60325.1,61477.1,58140.6,58500.1,3960.9791112803
2021-10-28,58500.1,62490.0,57948.0,60613.5,4521.7777939901
2021-10-29,60604.5,62950.0,60223.5,62246.5,2728.85257089
2021-10-30,62246.4,62359.2,60741.1,61866.3,1202.80701854
2021-10-31,61879.2,62422.8,60051.0,61380.1,1518.03039144
2021-11-01,61380.1,62500.0,59449.1,60954.5,2653.29145478
2021-11-02,60954.5,64327.0,60665.9,63279.7,2748.17239322
2021-11-03,63279.8,63550.4,60810.3,62942.9,2575.67753077
2021-11-04,62938.0,63115.0,60644.2,61449.0,1875.76279461
2021-11-05,61448.9,62631.9,60804.4,61006.2,1431.43066774
2021-11-06,61007.4,61602.1,60129.8,61536.3,1337.98498424
2021-11-07,61535.4,63317.8,61388.0,63317.8,1554.00196888
2021-11-08,63319.6,67777.7,63319.6,67559.8,3863.0958402102
2021-11-09,67550.8,68495.0,66316.0,66950.0,3128.97221828
2021-11-10,66950.1,68991.0,62700.1,64969.0,6353.7205970706
2021-11-11,64969.0,65611.8,64108.2,64825.4,1606.7917784199
2021-11-12,64825.1,65483.2,62300.5,64153.0,3153.2953957202
2021-11-13,64151.3,64982.5,63415.0,64393.1,1391.47442027
2021-11-14,64394.5,65495.0,63636.0,65495.0,1479.87272892
2021-11-15,65495.0,66349.6,63423.1,63615.8,2184.39391802
2021-11-16,63615.8,63615.8,58630.0,60137.2,5540.5239841204
2021-11-17,60137.2,60847.0,58400.0,60367.8,3122.3347099801
2021-11-18,60368.6,60964.4,56526.2,56921.7,4581.7945896602
2021-11-19,56910.8,58384.5,55674.0,58099.6,2241.91928531
2021-11-20,58107.2,59879.0,57435.2,59744.2,1745.52134658
2021-11-21,59744.2,60050.0,58532.8,58646.2,1374.08430752
2021-11-22,58660.3,59411.8,55633.6,56295.5,3918.6575036402
2021-11-23,56290.2,57850.0,55362.7,57571.4,3805.1937175401
2021-11-24,57574.0,57738.9,55909.0,57203.3,2504.62452366
2021-11-25,57170.4,59400.0,57053.0,58932.6,2779.6893139101
2021-11-26,58955.3,59193.8,53571.0,53789.0,6087.3482540803
2021-11-27,53776.5,55314.1,53658.6,54784.9,2957.2345886503
2021-11-28,54757.5,57485.7,53300.0,57300.0,2157.9423934999
2021-11-29,57300.0,58890.0,56755.1,57830.2,2979.13113578
2021-11-30,57830.2,59230.0,55932.6,56980.7,3880.8822989403
2021-12-01,57007.4,59090.7,56520.0,57237.9,4211.5550330901
2021-12-02,57237.2,57410.2,55848.2,56526.4,3226.8348339101
2021-12-03,56528.2,57688.9,51752.6,53678.6,4366.2650863803
2021-12-04,53675.0,53893.4,40150.1,49255.1,8936.375665251
2021-12-05,49245.0,49750.0,47832.2,49443.3,3742.5107091401
2021-12-06,49444.0,50957.6,47210.0,50564.3,4070.3929239901
2021-12-07,50544.8,51955.0,50100.0,50650.1,2712.74988414
2021-12-08,50650.1,51202.5,48579.3,50515.1,2997.4964788201
2021-12-09,50525.1,50819.5,47298.4,47581.6,2691.4998108001
2021-12-10,47576.4,50114.2,46888.8,47218.3,3323.5417558001
2021-12-11,47173.9,49500.0,46800.0,49367.2,2068.4167713899
2021-12-12,49406.0,50788.4,48697.8,50113.2,2022.36398205
2021-12-13,50098.8,50219.8,45759.0,46732.2,4915.4230727502
2021-12-14,46732.2,48690.0,46313.7,48399.2,3830.8240635501
2021-12-15,48399.2,49512.5,46632.0,48881.3,4250.48170763
2021-12-16,48881.8,49465.6,47560.0,47631.0,3345.2738369701
2021-12-17,47639.9,48001.9,45500.0,46168.3,3794.8757959502
2021-12-18,46166.6,47333.6,45520.2,46864.3,1868.9874995499
2021-12-19,46858.0,48289.0,46484.8,46688.4,2067.31974122
2021-12-20,46687.8,47549.8,45600.0,46898.1,2989.0172874701
2021-12-21,46907.3,49321.1,46676.5,48925.9,3879.22273194
2021-12-22,48925.9,49599.8,48491.0,48624.9,2036.6421753
2021-12-23,48624.9,51391.2,48042.3,50818.8,3079.33948002
2021-12-24,50818.8,51844.4,50456.0,50834.3,2363.11059866
2021-12-25,50834.2,51154.2,50209.2,50436.0,1222.79596971
2021-12-26,50436.1,51242.0,49427.9,50797.3,1079.30404079
2021-12-27,50797.4,52111.0,50480.2,50687.4,1629.37532299
2021-12-28,50687.5,50693.5,47305.5,47548.1,3521.5091963001
2021-12-29,47549.8,48123.7,46120.0,46473.2,2346.5654002
2021-12-30,46464.5,47907.4,45930.1,47143.8,1928.68412237
2021-12-31,47143.8,48591.6,45530.3,46150.0,3113.0177165101
2022-01-01,46150.0,47922.6,46150.0,47738.3,2133.68707098
2022-01-02,47736.5,47950.4,46700.0,47304.6,1343.75926236
2022-01-03,47301.2,47567.2,45707.9,46452.6,2133.14177926
2022-01-04,46452.5,47500.0,45548.7,45858.5,2219.89025735
2022-01-05,45858.5,47066.5,42505.0,43410.0,4070.4828775901
2022-01-06,43432.5,43748.0,42424.0,43124.4,4794.7013253702
2022-01-07,43124.5,43134.9,40666.0,41523.6,5771.2923085602
2022-01-08,41523.7,42302.4,40555.0,41693.2,2564.73685397
2022-01-09,41693.2,42786.7,41249.7,41862.9,2006.61458019
2022-01-10,41867.1,42239.6,39659.9,41855.3,4131.2822819702
2022-01-11,41855.2,43127.5,41315.5,42728.8,3316.84906075
2022-01-12,42728.8,44348.5,42480.0,43927.8,2847.97173242
2022-01-13,43927.8,44420.1,42352.0,42550.0,2960.06741848
2022-01-14,42550.0,43473.1,41800.0,43090.0,2711.96112072
2022-01-15,43090.0,43791.6,42600.0,43111.5,975.55181847
2022-01-16,43111.5,43463.8,42614.9,43114.5,1264.00992817
2022-01-17,43114.5,43200.6,41579.2,42248.1,1677.42017272
2022-01-18,42248.0,42667.0,41288.0,42383.0,1863.1982201899
2022-01-19,42371.3,42577.8,41159.0,41686.2,1920.1883634199
2022-01-20,41686.2,43497.4,40577.1,40686.9,3095.76886468
2022-01-21,40686.9,41115.7,35409.7,36468.4,8876.9983110408
2022-01-22,36446.2,36814.5,34007.7,35067.6,5382.9173299101
2022-01-23,35070.8,36500.0,34613.3,36277.5,2385.56399264
2022-01-24,36270.1,37500.0,32940.1,36699.5,7639.6550965202
2022-01-25,36699.5,37552.8,35685.3,36987.8,3186.96357197
2022-01-26,36994.6,38899.9,36251.2,36827.6,5526.1969408302
2022-01-27,36827.7,37242.5,35548.5,37200.5,4276.4801738801
2022-01-28,37168.0,37999.9,36172.3,37737.9,2662.80699128
2022-01-29,37735.7,38719.5,37275.7,38164.9,1737.65164383
2022-01-30,38188.3,38358.0,37389.0,37930.1,1037.63136699
2022-01-31,37914.0,38786.0,36667.5,38512.1,2521.02829205
2022-02-01,38512.0,39290.0,38050.0,38719.9,3336.0134691301
2022-02-02,38721.4,38878.8,36600.0,36903.3,2725.79712871
2022-02-03,36921.5,37389.0,36269.8,37324.4,1721.53526412
2022-02-04,37324.3,41774.0,37073.9,41585.5,4269.98627591
2022-02-05,41597.2,41926.4,40883.7,41419.0,2211.15688361
2022-02-06,41419.0,42694.5,41141.9,42419.5,1818.07180806
2022-02-07,42426.1,44528.6,41697.4,43867.2,4604.6818396703
2022-02-08,43873.1,45500.0,42709.6,44079.1,3432.44974988
2022-02-09,44083.1,44831.0,43187.2,44420.0,3210.42939961
2022-02-10,44420.1,45900.0,43228.0,43537.5,5478.5708455002
2022-02-11,43537.5,43944.9,42000.0,42400.2,3361.3901286201
2022-02-12,42400.1,43038.2,41760.6,42241.0,1939.69954808
2022-02-13,42241.1,42768.5,41893.1,42062.6,1124.71740372
2022-02-14,42062.5,42852.0,41573.1,42563.5,1918.26713617
2022-02-15,42563.4,44770.8,42469.6,44563.1,2190.91991458
2022-02-16,44563.1,44580.2,43236.5,43873.1,1752.90643025
2022-02-17,43873.0,44179.4,40100.0,40543.9,3689.5140296301
2022-02-18,40547.4,40957.3,39455.6,40007.4,2828.69293901
2022-02-19,40007.4,40450.0,39669.9,40095.8,882.82915067
2022-02-20,40094.3,40135.1,38000.0,38400.0,2787.8729318601
2022-02-21,38400.1,39490.9,36782.6,37019.2,4647.6322586103
2022-02-22,37024.2,38418.6,36366.0,38256.3,3384.2140744401
2022-02-23,38256.3,39250.0,37086.6,37250.1,3233.9728646601
2022-02-24,37250.1,39739.9,34333.2,38340.8,10301.1268263705
2022-02-25,38343.6,39700.0,38032.3,39233.5,3274.94243275
2022-02-26,39233.5,40277.9,38601.4,39120.2,2105.17169396
2022-02-27,39120.2,39888.0,37029.8,37709.1,3515.96748312
2022-02-28,37709.2,44194.2,37447.6,43194.7,7314.1134570504
2022-03-01,43188.4,44955.9,42841.4,44427.9,7671.6974940207
2022-03-02,44428.0,45349.0,43357.1,43922.5,5010.4856850803
2022-03-03,43922.2,44085.4,41822.8,42465.0,4384.6066448001
2022-03-04,42465.0,42499.9,38586.3,39137.5,7393.5300672404
2022-03-05,39137.4,39624.6,38618.6,39396.4,1543.22449458
2022-03-06,39396.3,39678.9,38114.2,38416.3,2535.0649777901
2022-03-07,38420.4,39545.0,37159.4,38024.0,4162.0063499903
2022-03-08,38009.8,39373.0,37888.0,38752.6,3726.9517072802
2022-03-09,38752.6,42590.6,38682.0,41965.3,5254.0126409205
2022-03-10,41959.0,42041.8,38576.0,39435.8,4643.7124333202
2022-03-11,39435.8,40222.4,38251.5,38732.1,3504.6779068501
2022-03-12,38727.7,39499.8,38699.0,38785.0,1553.27093634
2022-03-13,38785.0,39300.0,37593.9,37788.4,2300.05265452
2022-03-14,37783.7,39899.8,37584.5,39689.2,3450.8307961801
2022-03-15,39689.2,39900.0,38170.0,39325.4,2579.94641366
2022-03-16,39321.7,41706.8,38807.5,41124.0,6599.0814876603
2022-03-17,41129.9,41469.1,40549.1,40945.6,2322.33915065
2022-03-18,40941.1,42368.6,40179.1,41775.1,2583.79104383
2022-03-19,41778.7,42379.6,41537.5,42218.0,1298.20726204
2022-03-20,42218.0,42308.2,40945.0,41289.0,1967.29109207
2022-03-21,41286.1,41572.4,40510.1,41014.3,1953.9504866199
2022-03-22,41014.3,43402.6,40916.3,42377.8,3336.9451303601
2022-03-23,42377.7,43010.6,41811.1,42910.3,2207.87184726
2022-03-24,42910.2,44246.9,42637.4,43989.0,2598.22403232
2022-03-25,43989.0,45105.0,43604.8,44315.5,3654.14485579
2022-03-26,44315.5,44800.0,44135.1,44548.0,1165.03671815
2022-03-27,44547.2,46976.1,44439.4,46855.2,1895.85174777
2022-03-28,46855.3,48200.0,46683.5,47137.9,3417.2216237399
2022-03-29,47138.3,48123.0,46912.5,47440.2,1877.20497352
2022-03-30,47440.3,47707.9,46570.6,47059.3,1737.31775671
2022-03-31,47079.2,47598.0,45250.0,45524.3,2320.05234427
2022-04-01,45523.5,46710.9,44257.6,46312.0,4181.2983432502
2022-04-02,46312.0,47200.0,45666.1,45828.6,1420.1895203
2022-04-03,45828.6,47444.9,45566.0,46423.4,1245.97997739
2022-04-04,46424.2,46888.0,45153.0,46617.1,1910.9745970799
2022-04-05,46617.1,47188.4,45377.0,45479.2,1882.88025051
2022-04-06,45498.3,45534.3,43123.7,43179.4,4589.1069867202
2022-04-07,43179.5,43920.8,42750.0,43469.8,1565.17601256
2022-04-08,43469.8,43968.7,42126.0,42282.6,2238.74341635
2022-04-09,42282.6,42805.1,42111.0,42764.0,621.74608186
2022-04-10,42781.7,43416.4,41805.4,42160.0,1121.27095145
2022-04-11,42164.9,42411.0,39240.0,39534.6,3303.8990908
2022-04-12,39530.5,40683.4,39269.4,40078.7,2170.32737648
2022-04-13,40078.7,41548.4,39598.0,41150.0,2414.27057701
2022-04-14,41150.0,41480.0,39600.0,39954.9,1895.26356688
2022-04-15,39953.7,40890.3,39800.0,40569.9,1177.17180956
2022-04-16,40570.0,40708.8,40011.9,40381.0,589.46381724
2022-04-17,40381.1,40652.8,39556.0,39681.2,982.00936665
2022-04-18,39680.5,41067.3,38570.0,40811.3,2626.83895679
2022-04-19,40811.3,41825.8,40600.0,41506.2,1433.48126987
2022-04-20,41506.2,42235.7,40900.8,41369.9,1847.47895334
2022-04-21,41370.0,42950.0,39800.6,40484.1,3322.7481873603
2022-04-22,40479.1,40791.3,39139.0,39715.9,2214.67239669
2022-04-23,39713.5,39958.4,39310.0,39435.6,813.9600202899
2022-04-24,39439.3,39911.0,39015.8,39467.9,1138.59124375
2022-04-25,39456.7,40614.5,38200.5,40438.5,4131.1959809102
2022-04-26,40438.4,40776.9,37672.0,38121.7,4450.8946592702
2022-04-27,38121.7,39446.8,37909.4,39249.9,3384.9542689801
2022-04-28,39249.9,40349.8,38884.4,39752.8,3135.47777394
2022-04-29,39749.8,39920.7,38131.8,38599.5,2451.16979
2022-04-30,38597.5,38777.4,37608.7,37660.8,1090.27309591
2022-05-01,37660.7,38660.0,37399.4,38474.1,1633.98318627
2022-05-02,38470.8,39169.4,38011.0,38499.9,2642.2078783701
2022-05-03,38499.9,38645.1,37507.9,37727.9,1875.03601922
2022-05-04,37727.9,40029.8,37674.8,39682.8,3072.7471979101
2022-05-05,39677.6,39832.0,35407.0,36542.6,5103.8965637403
2022-05-06,36540.4,36647.0,35280.0,36017.4,2897.5627958102
2022-05-07,36017.4,36105.9,34755.0,35463.0,1293.3104419899
2022-05-08,35463.1,35495.0,33700.0,34024.2,3717.2510510101
2022-05-09,34028.3,34214.1,30050.0,30075.5,11297.5135912906
2022-05-10,30052.6,32648.6,29755.0,30999.9,10419.5413581105
2022-05-11,30999.9,32132.0,27700.0,28994.1,14865.7460097505
2022-05-12,28998.2,30075.9,25332.8,28943.4,12160.5524180206
2022-05-13,28943.5,30966.0,28684.5,29222.6,4289.7216568401
2022-05-14,29232.8,30264.0,28600.5,30048.2,2749.7830431201
2022-05-15,30051.7,31390.0,29452.6,31296.9,1579.8717223199
2022-05-16,31294.5,31294.5,29060.0,29826.1,3703.174505
2022-05-17,29826.1,30742.0,29403.0,30408.3,2810.86074049
2022-05-18,30408.4,30653.1,28589.1,28664.3,4177.51533145
2022-05-19,28657.6,30503.7,28649.2,30280.7,3722.85334692
2022-05-20,30283.7,30721.2,28700.1,29167.5,3717.5566131901
2022-05-21,29161.6,29606.3,28927.3,29403.5,1030.06024928
2022-05-22,29394.4,30500.0,29225.7,30268.0,1862.49212439
2022-05-23,30264.4,30630.7,28829.5,29070.0,3028.92781142
2022-05-24,29070.0,29819.7,28635.3,29631.8,2806.17199551
2022-05-25,29628.0,30188.9,29309.0,29520.3,2831.26904556
2022-05-26,29519.4,29854.0,27505.0,29186.9,4963.1482858501
2022-05-27,29165.9,29386.5,28250.0,28580.0,4411.4547663401
2022-05-28,28580.0,29229.0,28500.1,29020.0,1175.24284997
2022-05-29,29020.1,29555.0,28820.0,29450.4,1292.41650634
2022-05-30,29450.5,32186.4,29281.8,31711.7,5654.0972248302
2022-05-31,31710.4,32400.0,31183.7,31780.9,3470.7707686504
2022-06-01,31781.0,31929.0,29328.6,29790.0,5171.2177807401
2022-06-02,29790.0,31449.2,29572.8,30427.0,2470.22902272
2022-06-03,30431.3,30658.9,29255.0,29676.4,2472.70542
2022-06-04,29676.4,29954.5,29450.1,29850.0,783.34433714
2022-06-05,29850.8,30162.4,29514.0,29907.6,963.56113985
2022-06-06,29907.6,31725.6,29881.9,31356.3,3447.4629261601
2022-06-07,31353.1,31550.0,29200.2,31098.6,5748.6102822803
2022-06-08,31097.2,31296.5,29848.0,30190.8,2829.6275060801
2022-06-09,30190.8,30666.0,29892.2,30075.3,1940.03441123
2022-06-10,30085.3,30327.6,28845.2,29054.9,4353.2273097501
2022-06-11,29056.2,29411.7,28095.9,28380.2,2317.6780855601
2022-06-12,28395.9,28500.8,26506.5,26569.6,3666.6466450301
2022-06-13,26542.2,26853.2,21930.4,22460.1,17333.48812069
2022-06-14,22460.0,23309.0,20824.0,22111.0,10473.2206888904
2022-06-15,22115.0,22773.3,20089.0,22559.6,14784.4056065898
2022-06-16,22557.0,22950.0,20200.0,20366.3,7892.2909630401
2022-06-17,20366.3,21327.2,20231.3,20432.9,6404.1698673104
2022-06-18,20440.3,20740.1,17600.0,18950.0,13006.2033105103
2022-06-19,18950.0,20799.9,17911.0,20555.5,9585.6883566303
2022-06-20,20550.1,21038.3,19625.0,20550.0,7167.6102756004
2022-06-21,20551.2,21698.9,20323.6,20701.9,5232.1735654502
2022-06-22,20704.1,20860.1,19750.0,19951.3,6091.9466773604
2022-06-23,19951.3,21200.0,19880.4,21086.7,3813.6377584701
2022-06-24,21090.8,21534.5,20731.1,21210.7,4922.5405392002
2022-06-25,21221.6,21589.0,20888.8,21474.5,1835.5706910199
2022-06-26,21476.8,21867.0,20957.0,21023.3,1913.1909771
2022-06-27,21023.4,21528.7,20505.5,20716.3,3973.8363769301
2022-06-28,20716.3,21188.5,20165.3,20251.6,3250.53358914
2022-06-29,20252.5,20397.0,19828.7,20086.2,4367.3190830902
2022-06-30,20094.0,20139.8,18617.5,19949.9,5391.5274635603
2022-07-01,19949.8,20878.3,18950.0,19245.3,5953.6027733804
2022-07-02,19250.8,19430.4,18969.6,19226.9,1293.38922751
2022-07-03,19226.9,19684.3,18738.6,19293.5,2226.88548164
2022-07-04,19292.8,20325.0,19033.6,20207.5,3479.3765741202
2022-07-05,20210.8,20732.1,19300.0,20169.1,5161.9359561703
2022-07-06,20169.0,20583.0,19750.1,20542.7,3213.6971557601
2022-07-07,20541.0,21826.0,20236.5,21615.4,5510.5500715802
2022-07-08,21617.6,22498.0,21183.9,21582.6,5110.1934225302
2022-07-09,21580.9,21955.0,21316.7,21579.1,1661.8346638
2022-07-10,21581.7,21590.6,20620.3,20830.3,2744.5881533301
2022-07-11,20830.3,20847.4,19870.5,19947.0,3526.0524679402
2022-07-12,19943.3,20036.3,19214.1,19307.9,3986.2965604001
2022-07-13,19305.8,20332.3,18900.0,20233.6,5490.0501866602
2022-07-14,20222.3,20894.5,19609.4,20573.7,4241.8468287302
2022-07-15,20575.3,21178.0,20375.3,20825.3,3351.2855126501
2022-07-16,20824.8,21566.4,20480.0,21204.4,3420.7153938401
2022-07-17,21190.3,21664.7,20748.7,20793.2,2454.93288014
2022-07-18,20790.9,22766.2,20769.3,22450.1,7082.1144105803
2022-07-19,22450.0,23782.9,21600.0,23411.0,8067.0882275505
2022-07-20,23411.0,24264.6,22905.6,23242.4,6719.9591338204
2022-07-21,23220.8,23428.8,22351.1,23155.6,4327.8439632902
2022-07-22,23152.3,23744.0,22517.3,22688.0,3900.4515433501
2022-07-23,22688.0,22998.5,21950.3,22461.8,2664.78028636
2022-07-24,22461.5,23000.0,22264.6,22584.2,2839.8227671003
2022-07-25,22586.1,22660.9,21252.5,21299.7,3793.7256092004
2022-07-26,21299.7,21325.0,20696.0,21264.4,4305.9491296704
2022-07-27,21264.4,23100.0,21048.1,22964.3,5695.4731464103
2022-07-28,22965.3,24198.8,22487.9,23858.7,6008.6884407705
2022-07-29,23850.3,24499.3,23442.9,23776.3,4585.1405783003
2022-07-30,23784.6,24699.8,23525.6,23642.9,3210.3664656302
2022-07-31,23646.5,24175.0,23251.2,23321.0,2350.99545209
2022-08-01,23321.1,23524.8,22866.4,23275.0,3185.6515143301
2022-08-02,23275.0,23469.1,22649.1,22994.0,3520.5873036701
2022-08-03,22994.0,23650.0,22700.0,22827.9,4135.7291892101
2022-08-04,22827.7,23225.0,22400.0,22622.5,3217.85220163
2022-08-05,22621.6,23477.7,22592.5,23325.7,5273.3001102902
2022-08-06,23313.9,23341.8,22926.0,22955.7,1676.71619082
2022-08-07,22960.8,23400.0,22845.7,23179.5,1857.93885532
2022-08-08,23179.5,24285.3,23168.2,23822.3,3648.9311808101
2022-08-09,23819.2,23911.3,22890.3,23162.4,2968.69719269
2022-08-10,23162.4,24200.0,22685.0,23958.8,5640.0114782104
2022-08-11,23960.0,24901.0,23862.1,23956.2,4553.7383749402
2022-08-12,23956.2,24472.4,23600.0,24416.7,3187.1240516301
2022-08-13,24416.7,24887.3,24304.4,24446.0,2444.8629812301
2022-08-14,24452.0,25045.7,24168.0,24313.6,2007.20812532
2022-08-15,24315.3,25200.0,23789.5,24107.4,3986.5449950402
2022-08-16,24102.9,24249.6,23673.1,23867.0,4074.9525473301
2022-08-17,23867.0,24438.0,23193.1,23336.2,4531.9584970401
2022-08-18,23336.2,23590.0,23106.4,23192.3,1904.6011986799
2022-08-19,23192.4,23192.4,20805.0,20832.2,6696.8009291103
2022-08-20,20833.2,21368.4,20778.0,21139.9,2228.32170943
2022-08-21,21139.8,21812.8,21062.9,21514.4,2571.55751085
2022-08-22,21517.7,21521.1,20904.7,21410.4,2750.7925384899
2022-08-23,21410.3,21660.0,20900.0,21524.0,2658.65244741
2022-08-24,21523.6,21904.4,21157.6,21375.1,2330.7435515801
2022-08-25,21375.0,21811.9,21320.4,21566.0,1888.2161271399
2022-08-26,21561.3,21875.0,20097.5,20251.9,5812.7892140704
2022-08-27,20241.9,20362.5,19829.1,20032.7,2074.60869907
2022-08-28,20032.9,20154.8,19525.8,19539.8,1840.85831555
2022-08-29,19539.8,20413.0,19539.7,20296.4,3339.6455392901
2022-08-30,20290.6,20576.4,19555.0,19812.4,4000.2834101901
2022-08-31,19814.2,20473.4,19814.2,20052.6,4013.3567620302
2022-09-01,20049.4,20195.0,19560.0,20127.8,2829.58668692
2022-09-02,20127.8,20434.9,19764.3,19954.6,3594.8586264501
2022-09-03,19954.0,20047.4,19655.6,19834.9,1409.93184893
2022-09-04,19833.3,20010.0,19601.0,19995.8,1308.9526711
2022-09-05,20000.0,20045.0,19642.9,19790.5,2418.52201396
2022-09-06,19790.3,20171.2,18670.0,18792.9,7780.1878179203
2022-09-07,18791.0,19457.0,18550.0,19283.1,3929.6420589901
2022-09-08,19292.8,19441.8,19015.0,19322.1,2781.27591459
2022-09-09,19322.5,21585.1,19309.4,21375.4,6607.9600046405
2022-09-10,21373.3,21800.0,21121.6,21650.4,2229.18631665
2022-09-11,21656.6,21850.2,21363.2,21844.6,1949.29969214
2022-09-12,21835.6,22475.0,21564.6,22401.3,4241.1815487602
2022-09-13,22397.8,22790.0,19863.2,20173.6,9152.5030242303
2022-09-14,20172.8,20525.0,19619.5,20233.0,4155.4539450301
2022-09-15,20230.6,20335.7,19509.3,19700.6,3130.97098746
2022-09-16,19700.0,19888.3,19326.9,19795.3,3660.7369708801
2022-09-17,19795.4,20197.8,19757.0,20118.0,1889.86114721
2022-09-18,20117.1,20119.5,19355.0,19427.0,2462.50496609
2022-09-19,19426.9,19678.6,18223.9,19539.8,5171.3435056204
2022-09-20,19535.0,19629.1,18731.1,18870.0,3495.7316584502
2022-09-21,18869.9,19888.0,18138.4,18469.2,8199.8717315702
2022-09-22,18468.0,19500.0,18372.6,19409.1,3386.5459023
2022-09-23,19409.0,19479.8,18543.0,19289.0,4124.0204164201
2022-09-24,19287.7,19299.0,18805.1,18928.3,1584.79514179
2022-09-25,18928.2,19175.0,18645.9,18801.5,1829.44552012
2022-09-26,18805.6,19307.7,18695.9,19228.1,4007.13852756
2022-09-27,19226.8,20383.0,18833.7,19090.1,9140.8323036301
2022-09-28,19090.0,19773.3,18487.5,19400.0,10143.1440801401
2022-09-29,19400.0,19647.8,18849.1,19600.1,5281.6628770604
2022-09-30,19600.0,20177.1,19150.0,19425.2,8327.9270433904
2022-10-01,19425.1,19478.6,19172.0,19316.1,1681.1416144099
2022-10-02,19316.1,19393.7,18937.0,19057.8,1800.20623072
2022-10-03,19060.4,19700.0,18985.7,19639.6,3511.2499444502
2022-10-04,19631.4,20475.0,19508.2,20347.9,5670.0843898605
2022-10-05,20340.9,20360.9,19754.3,20162.7,3855.6647388802
2022-10-06,20163.1,20449.8,19872.7,19955.8,3545.0520688803
2022-10-07,19955.8,20054.7,19338.4,19532.8,3680.6182672301
2022-10-08,19532.8,19615.0,19249.7,19417.5,1338.06257448
2022-10-09,19420.0,19559.5,19335.0,19443.5,905.3874578
2022-10-10,19443.5,19520.0,19040.0,19132.1,2624.5751606
2022-10-11,19132.1,19259.4,18860.0,19050.0,3504.15932197
2022-10-12,19050.0,19240.3,18937.3,19155.9,2167.78448404
2022-10-13,19155.8,19498.0,18163.1,19385.5,8240.3820218803
2022-10-14,19385.4,19939.4,19083.2,19182.9,5010.4748017906
2022-10-15,19182.4,19220.0,19000.0,19068.0,1514.82560381
2022-10-16,19070.6,19420.7,19066.8,19261.7,1539.32776687
2022-10-17,19261.8,19667.6,19160.0,19550.9,3307.1222235
2022-10-18,19549.8,19696.9,19110.0,19330.6,3221.54307027
2022-10-19,19329.1,19355.7,19071.2,19124.1,2171.15806637
2022-10-20,19124.1,19344.3,18900.3,19045.2,2866.87709697
2022-10-21,19045.2,19243.9,18657.1,19171.4,3356.1319205501
2022-10-22,19175.7,19250.0,19123.1,19206.0,591.94017669
2022-10-23,19206.0,19679.7,19080.2,19569.9,2135.49594113
2022-10-24,19570.0,19591.3,19158.2,19332.2,2868.91032451
2022-10-25,19330.6,20400.0,19230.4,20085.2,6770.6981888203
2022-10-26,20085.3,21021.2,20071.1,20775.9,4894.5341433403
2022-10-27,20775.9,20871.3,20150.1,20286.4,4078.0872095901
2022-10-28,20286.4,20743.0,20016.3,20603.8,3856.4954300802
2022-10-29,20600.7,21074.4,20565.4,20813.6,2058.2422917
2022-10-30,20813.8,20925.0,20525.0,20625.0,1601.52723786
2022-10-31,20625.0,20823.0,20250.1,20499.7,3146.8209396902
2022-11-01,20498.0,20677.0,20339.4,20486.5,1739.91590056
2022-11-02,20486.4,20864.3,20059.8,20153.5,3927.50728561
2022-11-03,20153.5,20383.0,20050.0,20209.1,2867.10657696
2022-11-04,20209.3,21333.3,20185.4,21148.7,4479.6605204301
2022-11-05,21149.4,21469.3,21088.3,21299.5,1537.57078781
2022-11-06,21300.1,21360.0,20900.0,20910.8,1320.9506661
2022-11-07,20910.0,21074.8,20400.0,20597.4,3021.43302252
2022-11-08,20592.0,20670.4,17276.2,18544.8,16717.369054141
2022-11-09,18544.8,18577.0,15555.0,15863.7,16027.6669011103
2022-11-10,15878.7,18155.5,15732.8,17557.2,13592.8662476602
2022-11-11,17555.0,17638.0,16350.0,17009.4,7376.6892800303
2022-11-12,17009.5,17066.8,16600.0,16775.9,1722.14235595
2022-11-13,16777.0,16928.4,16222.9,16310.0,2205.57259912
2022-11-14,16310.0,17149.7,15800.3,16585.9,5465.7292127002
2022-11-15,16585.8,17098.4,16514.1,16877.3,3921.7637338502
2022-11-16,16877.4,16984.0,16370.0,16664.0,3511.1086855302
2022-11-17,16658.4,16742.3,16409.4,16681.7,2693.1756058
2022-11-18,16685.2,16979.9,16540.8,16682.8,2794.9334055501
2022-11-19,16682.7,16795.9,16550.0,16682.3,1067.7714054
2022-11-20,16684.0,16728.7,16156.8,16264.6,1651.46070224
2022-11-21,16264.5,16283.6,15470.5,15760.0,5961.3570029705
2022-11-22,15759.7,16277.6,15582.7,16195.0,3834.8100973801
2022-11-23,16198.3,16690.0,16150.9,16599.3,3332.4336138101
2022-11-24,16597.2,16791.4,16451.5,16595.1,1791.46133233
2022-11-25,16591.7,16600.0,16347.6,16512.1,1627.8254813
2022-11-26,16514.9,16689.0,16390.6,16452.7,1305.0493575
2022-11-27,16451.9,16588.6,16395.3,16420.2,1331.40640021
2022-11-28,16420.2,16474.9,16000.0,16207.5,3535.5707037801
2022-11-29,16207.0,16539.0,16095.5,16428.8,3631.57925757
2022-11-30,16428.8,17250.0,16420.2,17166.9,3977.5539042701
2022-12-01,17170.6,17319.9,16870.4,16969.9,1995.50238456
2022-12-02,16971.6,17100.1,16784.2,17088.8,2230.88354073
2022-12-03,17088.7,17171.7,16870.5,16895.2,954.62421656
2022-12-04,16895.1,17199.0,16886.0,17118.8,1211.36937864
2022-12-05,17116.4,17440.0,16888.0,16966.0,3028.4215077401
2022-12-06,16968.9,17100.0,16915.1,17084.7,1991.36158443
2022-12-07,17087.5,17130.0,16700.0,16837.3,1957.65741474
2022-12-08,16836.9,17298.9,16735.9,17228.5,2508.9271065099
2022-12-09,17228.0,17366.2,17066.6,17131.1,2165.1379950899
2022-12-10,17131.3,17226.8,17096.1,17124.0,607.50709549
2022-12-11,17125.0,17269.9,17070.4,17085.8,788.2087113
2022-12-12,17088.2,17247.8,16880.0,17207.3,2470.1118361898
2022-12-13,17209.5,18070.0,17090.0,17769.1,4698.5866536501
2022-12-14,17769.2,18387.5,17657.4,17804.9,4107.1618429901
2022-12-15,17804.2,17853.8,17261.4,17361.5,3169.7340637399
2022-12-16,17360.9,17533.9,16541.0,16631.0,4041.57820328
2022-12-17,16631.1,16795.0,16576.6,16782.9,1259.7787258199
2022-12-18,16782.8,16865.7,16669.1,16746.6,877.85008456
2022-12-19,16745.5,16818.9,16260.2,16440.2,2850.1819295099
2022-12-20,16441.4,17067.8,16399.9,16904.8,3125.4235763799
2022-12-21,16897.4,16922.7,16729.9,16829.4,1752.8903565299
2022-12-22,16823.5,16860.0,16565.9,16816.8,2071.5205323498
2022-12-23,16816.8,16949.9,16749.9,16779.4,1979.3934280899
2022-12-24,16779.3,16848.0,16776.4,16836.7,936.50649184
2022-12-25,16836.7,16847.9,16725.4,16824.9,696.19013979
2022-12-26,16824.9,16920.0,16801.0,16914.5,1279.97467504
2022-12-27,16914.5,16962.3,16590.1,16698.0,1936.8378220799
2022-12-28,16698.0,16769.9,16453.2,16541.6,2246.5940248299
2022-12-29,16541.6,16644.3,16487.0,16628.8,1400.65727374
2022-12-30,16628.9,16683.9,16325.2,16599.9,1989.8614972899
2022-12-31,16600.0,16629.7,16464.1,16528.2,1846.9423307899
2023-01-01,16528.7,16618.7,16490.0,16614.9,1390.8993267298
2023-01-02,16615.0,16777.7,16550.0,16669.2,969.99127015
2023-01-03,16668.3,16770.2,16599.6,16669.3,2019.9138159998
2023-01-04,16669.7,16987.4,16650.1,16848.9,2318.9391614799
2023-01-05,16849.3,16873.3,16752.7,16824.9,1458.7382748099
2023-01-06,16825.7,17036.0,16680.0,16951.1,2190.4297899598
2023-01-07,16951.1,16974.9,16907.7,16945.0,606.71916816
2023-01-08,16945.1,17163.2,16910.5,17127.7,1132.00158345
2023-01-09,17125.8,17391.9,17105.6,17181.8,2641.8867581001
2023-01-10,17181.8,17491.8,17150.4,17443.1,2537.9010226699
2023-01-11,17443.1,17983.4,17308.8,17943.0,3283.6092390101
2023-01-12,17943.0,19098.0,17912.9,18854.8,6117.5733178001
2023-01-13,18855.5,19990.0,18720.6,19930.0,4634.4360918002
2023-01-14,19930.1,21400.0,19910.0,20959.0,5733.3455009408
2023-01-15,20960.9,21066.9,20527.3,20877.0,1553.3643333001
2023-01-16,20879.4,21484.9,20620.1,21191.3,3287.0726166104
2023-01-17,21189.3,21679.1,20864.0,21148.7,3228.2569465401
2023-01-18,21148.6,21639.9,20395.5,20680.0,7522.7026440206
2023-01-19,20672.0,21207.0,20658.6,21084.2,2597.6932630402
2023-01-20,21084.1,22747.5,20880.1,22682.1,4512.4410584701
2023-01-21,22682.1,23428.6,22440.3,22781.0,5491.5549693403
2023-01-22,22785.6,23108.5,22301.2,22717.1,3114.24570499
2023-01-23,22717.1,23166.6,22520.1,22926.1,3016.55607449
2023-01-24,22926.0,23158.7,22455.9,22633.8,3078.12366314
2023-01-25,22636.0,23829.3,22320.0,23056.5,5026.0066155203
2023-01-26,23063.2,23293.3,22857.5,23010.6,3760.4145252901
2023-01-27,23010.6,23500.0,22492.8,23077.5,3423.2160050301
2023-01-28,23079.9,23191.9,22900.0,23031.1,1007.5492105901
2023-01-29,23031.2,23950.0,22980.1,23751.0,3392.6264667802
2023-01-30,23751.0,23798.7,22519.2,22835.1,3963.5670998101
2023-01-31,22835.0,23317.9,22724.5,23134.9,2440.76479604
2023-02-01,23135.0,23809.2,22753.6,23732.6,4103.92556286
2023-02-02,23735.3,24282.1,23383.7,23489.6,5485.17311037
2023-02-03,23498.0,23722.0,23221.0,23437.0,3085.1419629198
2023-02-04,23437.1,23589.8,23270.5,23327.3,1534.7985509601
2023-02-05,23329.3,23428.8,22758.4,22937.8,2341.23268204
2023-02-06,22938.2,23150.0,22599.9,22766.3,3081.80738054
2023-02-07,22765.5,23347.7,22750.1,23253.2,2508.3730805
2023-02-08,23253.3,23450.0,22675.5,22964.8,2335.1494313601
2023-02-09,22963.6,23008.2,21700.0,21792.0,4430.6664587202
2023-02-10,21792.0,21939.9,21475.0,21639.8,2771.67791255
2023-02-11,21638.2,21909.8,21610.9,21868.2,1350.22029362
2023-02-12,21868.2,22099.9,21640.1,21786.0,1108.58448041
2023-02-13,21786.0,21902.2,21359.1,21791.2,2505.97544472
2023-02-14,21790.5,22331.3,21505.0,22213.1,2689.9936872999
2023-02-15,22213.2,24366.4,22038.5,24334.5,5617.0153244601
2023-02-16,24340.9,25275.7,23500.0,23521.5,6429.3373827904
2023-02-17,23521.5,25010.5,23340.4,24572.3,5286.17661593
2023-02-18,24572.4,24872.7,24434.7,24643.7,1248.4209850999
2023-02-19,24643.8,25190.0,24178.3,24287.2,2749.21838486
2023-02-20,24287.1,25117.9,23867.9,24839.8,3659.7019856801
2023-02-21,24839.9,25250.0,24154.4,24442.1,5618.5830351302
2023-02-22,24442.0,24442.7,23600.0,24186.6,4964.91361353
2023-02-23,24187.7,24602.8,23615.3,23942.4,5283.1360737302
2023-02-24,23946.4,24134.3,22800.8,23193.8,4100.1027479301
2023-02-25,23193.7,23224.9,22739.9,23167.3,1909.77272219
2023-02-26,23167.3,23685.1,23066.7,23564.5,2686.9407682501
2023-02-27,23564.4,23885.4,23108.4,23494.4,3325.9350529301
2023-02-28,23491.1,23599.0,23042.0,23133.2,2638.8160919001
2023-03-01,23133.2,23977.0,23044.0,23634.9,3271.1555259906
2023-03-02,23633.7,23808.0,23202.0,23466.5,2937.62994579
2023-03-03,23466.6,23478.5,22000.0,22356.1,4396.0768041614
2023-03-04,22356.0,22401.0,22168.5,22348.5,965.57153398
2023-03-05,22348.4,22667.2,22212.1,22426.9,1198.86054883
2023-03-06,22428.1,22600.0,22277.1,22409.4,1586.23884177
2023-03-07,22409.3,22554.6,21904.3,22196.9,2680.6447639399
2023-03-08,22194.8,22267.9,21600.0,21699.1,2475.8736838799
2023-03-09,21696.5,21819.0,20042.3,20363.6,5831.2795266302
2023-03-10,20363.7,20364.0,19549.9,20224.7,8025.4239096608
2023-03-11,20224.7,20879.0,19888.0,20616.4,9228.0792481512
2023-03-12,20619.7,22299.9,20440.3,22157.5,7398.8807039208
2023-03-13,22165.1,24599.0,21867.8,24208.3,13465.9502344811
2023-03-14,24214.2,26526.0,24051.0,24753.4,12919.1447894809
2023-03-15,24753.4,25300.0,23913.3,24372.6,7642.8677372704
2023-03-16,24374.8,25213.0,24210.8,25053.7,6049.0911863504
2023-03-17,25053.7,27839.2,24947.7,27447.7,11277.683955271
2023-03-18,27451.7,27795.0,26606.0,26964.6,7463.3226269207
2023-03-19,26967.3,28450.0,26890.1,28049.9,7287.070869661
2023-03-20,28055.7,28590.6,27222.0,27773.0,9070.9240842811
2023-03-21,27770.0,28473.5,27341.0,28154.1,6108.5205242303
2023-03-22,28158.2,28879.9,26623.8,27300.0,10248.4487563507
2023-03-23,27300.1,28798.9,27172.6,28321.4,7735.6318262408
2023-03-24,28321.3,28399.7,27007.7,27491.0,6597.1007228605
2023-03-25,27491.1,27829.7,27163.9,27490.5,2782.43831096
2023-03-26,27489.9,28240.4,27438.1,28000.0,2965.7047095601
2023-03-27,27998.3,28038.0,26491.9,27134.5,5736.6607137105
2023-03-28,27132.6,27521.4,26600.0,27267.6,3941.9262447601
2023-03-29,27267.5,28629.4,27258.4,28358.2,5931.0323918502
2023-03-30,28358.2,29190.0,27700.0,28034.0,6094.9785134204
2023-03-31,28032.8,28648.2,27520.0,28466.8,4755.7423296502
2023-04-01,28468.2,28800.0,28220.0,28462.8,2387.44722376
2023-04-02,28463.4,28530.0,27850.1,28185.0,1984.69629269
2023-04-03,28181.5,28500.0,27212.7,27800.7,5205.2694133205
2023-04-04,27800.0,28429.0,27668.8,28175.5,2772.89724043
2023-04-05,28173.0,28792.3,27813.1,28179.1,4429.6896999601
2023-04-06,28179.0,28194.9,27700.0,28040.0,2520.83721564
2023-04-07,28040.0,28111.3,27783.1,27922.9,1324.69305557
2023-04-08,27923.0,28170.0,27886.0,27956.0,814.37237762
2023-04-09,27955.9,28548.7,27812.2,28333.7,1688.22076321
2023-04-10,28333.8,29800.0,28170.0,29655.0,5359.9435958104
2023-04-11,29654.9,30586.0,29615.0,30227.6,5643.1205023704
2023-04-12,30227.7,30505.5,29645.8,29895.2,4584.4252858303
2023-04-13,29895.2,30650.8,29873.9,30405.9,3997.8894108302
2023-04-14,30406.0,31050.0,30000.0,30493.2,5127.0877396204
2023-04-15,30493.2,30624.1,30250.0,30315.9,1582.19567965
2023-04-16,30315.9,30555.6,30145.0,30316.0,1434.14105749
2023-04-17,30316.1,30319.3,29267.0,29449.2,3770.1471422202
2023-04-18,29449.3,30480.8,29123.0,30388.8,4937.6825142404
2023-04-19,30386.8,30410.5,28577.0,28814.0,5849.7488877005
2023-04-20,28814.3,29098.7,28009.0,28241.5,4839.6589672604
2023-04-21,28245.7,28361.9,27146.2,27264.3,4845.2291992904
2023-04-22,27264.4,27892.2,27137.5,27818.8,1871.5637480599
2023-04-23,27818.7,27818.8,27344.0,27589.7,1567.4556917499
2023-04-24,27588.1,28000.0,26969.4,27518.6,3757.1486175302
2023-04-25,27518.5,28385.0,27189.0,28300.9,3885.5978326001
2023-04-26,28300.9,30037.3,27258.4,28424.9,9279.4890500706
2023-04-27,28425.0,29882.1,28392.9,29472.4,6155.3659841203
2023-04-28,29476.8,29605.0,28904.6,29323.9,3743.5598258201
2023-04-29,29323.9,29459.8,29015.0,29240.6,1589.9904307
2023-04-30,29240.7,29975.0,29103.0,29243.1,4217.8862002002
2023-05-01,29245.3,29330.9,27643.2,28074.1,4862.9682951503
2023-05-02,28076.6,28937.5,27877.9,28677.1,3614.2806732902
2023-05-03,28678.8,29267.5,28135.0,29033.3,3968.9377127003
2023-05-04,29034.5,29372.0,28699.6,28852.7,3080.1198729902
2023-05-05,28852.9,29697.4,28829.8,29530.2,4051.0725341603
2023-05-06,29530.3,29868.1,28338.0,28901.7,2967.1718473602
2023-05-07,28901.6,29191.8,28438.4,28468.0,1838.8610466799
2023-05-08,28466.8,28662.8,27282.1,27693.2,4234.3674362403
2023-05-09,27693.7,27824.5,27367.8,27635.0,3356.81936277
2023-05-10,27635.1,28334.2,26792.9,27617.8,5305.2083636605
2023-05-11,27615.6,27645.9,26720.0,26979.3,3151.9387835002
2023-05-12,26977.9,27102.1,25827.4,26800.0,5680.1677665406
2023-05-13,26800.0,27105.5,26700.6,26786.3,1549.3733461899
2023-05-14,26788.4,27194.7,26600.0,26923.0,1137.79561418
2023-05-15,26922.2,27677.0,26727.8,27167.6,4191.4018169003
2023-05-16,27166.2,27301.2,26850.1,27036.0,2543.4084225802
2023-05-17,27036.0,27500.0,26550.0,27402.3,3862.9843884902
2023-05-18,27402.3,27474.3,26345.0,26817.9,3737.7195396303
2023-05-19,26819.0,27174.8,26635.3,26887.4,2135.86491428
2023-05-20,26887.4,27155.0,26834.2,27111.4,1027.90267002
2023-05-21,27111.1,27270.0,26667.4,26750.6,1812.6159329299
2023-05-22,26749.5,27096.0,26512.4,26854.8,2009.7229237799
2023-05-23,26855.4,27511.7,26807.3,27221.5,2642.4020379
2023-05-24,27221.5,27235.4,26069.1,26327.7,3616.8769215601
2023-05-25,26327.8,26607.4,25865.0,26476.5,2606.86284375
2023-05-26,26476.6,26940.3,26338.0,26706.3,2931.9030773
2023-05-27,26715.9,26900.0,26554.8,26873.7,1621.94178675
2023-05-28,26873.7,28257.0,26788.7,28090.0,3647.0598815301
2023-05-29,28090.0,28450.0,27550.0,27741.3,2939.3406070502
2023-05-30,27741.4,28047.0,27559.8,27699.2,3458.8673562302
2023-05-31,27699.2,27828.6,26841.3,27216.2,3520.4137789901
2023-06-01,27215.1,27341.5,26571.5,26814.8,2867.8186060501
2023-06-02,26815.4,27312.2,26500.1,27253.2,2829.34658726
2023-06-03,27253.1,27344.6,26931.8,27071.9,1060.55686017
2023-06-04,27072.0,27489.0,26967.0,27122.9,905.42995752
2023-06-05,27122.9,27128.0,25400.0,25721.0,5612.4791131104
2023-06-06,25724.8,27368.4,25369.0,27240.1,6000.6384367307
2023-06-07,27240.0,27387.3,26131.7,26352.3,4521.0409503003
2023-06-08,26352.3,26831.0,26221.7,26506.7,2487.38214186
2023-06-09,26506.7,26784.4,26275.4,26484.1,1983.03291182
2023-06-10,26484.1,26530.8,25400.0,25851.0,4583.4843351402
2023-06-11,25851.0,26200.0,25659.0,25929.0,1487.33737918
2023-06-12,25929.1,26098.3,25620.2,25904.8,2148.0118109
2023-06-13,25904.8,26399.9,25713.4,25932.9,2665.5404713701
2023-06-14,25928.7,26064.8,24818.0,25123.9,4196.0013555201
2023-06-15,25124.0,25743.8,24751.1,25577.1,4460.2946959002
2023-06-16,25577.0,26497.0,25140.0,26323.0,3759.4835171403
2023-06-17,26323.0,26793.8,26175.0,26511.8,1779.1777376199
2023-06-18,26511.9,26685.1,26253.2,26334.7,1332.74451554
2023-06-19,26334.7,27041.8,26262.7,26840.0,3540.0735230502
2023-06-20,26840.1,28400.0,26650.0,28308.9,7527.9230608007
2023-06-21,28308.8,30794.9,28280.3,29992.0,9813.9090124511
2023-06-22,29986.8,30460.0,29550.0,29900.0,6073.8067764305
2023-06-23,29900.1,31435.3,29820.0,30687.7,6301.8572983305
2023-06-24,30687.7,30812.3,30254.6,30542.4,2013.8593942599
2023-06-25,30542.4,31025.4,30250.0,30447.3,1996.2290652299
2023-06-26,30447.2,30645.0,29914.6,30264.2,2822.0585572001
2023-06-27,30264.2,31008.5,30223.6,30695.8,3403.4603382301
2023-06-28,30695.9,30720.9,29834.2,30088.1,3270.3716642902
2023-06-29,30088.2,30825.0,30052.5,30450.6,2834.4849724001
2023-06-30,30450.5,31276.9,29375.6,30475.0,6439.9587393601
2023-07-01,30475.0,30640.3,30333.2,30591.7,711.13523056
2023-07-02,30591.7,30783.2,30192.0,30622.7,730.07529456
2023-07-03,30622.7,31373.7,30586.0,31144.9,2518.44269946
2023-07-04,31145.0,31319.7,30622.6,30781.9,1678.5044322399
2023-07-05,30781.9,30856.6,30160.4,30502.8,2382.89229052
2023-07-06,30502.8,31631.0,29868.3,29901.7,4694.5709378305
2023-07-07,29907.7,30433.3,29699.0,30339.1,2372.1237589301
2023-07-08,30339.1,30380.9,30077.0,30294.3,648.2896809
2023-07-09,30294.3,30448.3,30100.0,30175.1,573.30337198
2023-07-10,30175.1,31017.3,29966.1,30409.9,2490.58216982
2023-07-11,30409.9,30786.6,30329.0,30623.9,1752.7751565099
2023-07-12,30623.9,30969.0,30230.0,30395.3,2512.0009546701
2023-07-13,30395.3,31790.8,30217.1,31486.0,4746.9057799603
2023-07-14,31486.1,31634.2,29950.0,30329.7,4148.9639229402
2023-07-15,30329.7,30387.6,30270.5,30284.4,617.60132757
2023-07-16,30284.4,30447.5,30069.0,30239.3,804.68448892
2023-07-17,30239.3,30330.9,29669.0,30148.2,2245.7236188
2023-07-18,30148.2,30212.5,29500.0,29857.3,2061.01434791
2023-07-19,29857.3,30199.9,29762.9,29912.6,1799.07664632
2023-07-20,29912.7,30405.9,29591.2,29797.9,2191.1076246
2023-07-21,29797.9,30053.2,29720.3,29915.1,1288.71204865
2023-07-22,29915.1,29980.1,29650.0,29766.8,638.43160179
2023-07-23,29766.7,30333.5,29746.8,30082.4,833.42940461
2023-07-24,30082.4,30087.3,28880.0,29178.4,2564.55433313
2023-07-25,29179.9,29371.0,29060.9,29225.0,1196.14773788
2023-07-26,29225.0,29678.3,29105.5,29336.1,2039.171257
2023-07-27,29336.1,29553.3,29071.7,29209.0,1382.30579647
2023-07-28,29209.0,29506.1,29112.8,29314.2,1101.34090796
2023-07-29,29315.4,29392.4,29261.9,29360.4,627.60466213
2023-07-30,29360.5,29440.4,29054.8,29277.7,448.74320158
2023-07-31,29277.8,29500.0,29123.9,29227.6,1448.83588891
2023-08-01,29227.6,29695.2,28760.0,29695.2,2856.6639463
2023-08-02,29694.9,30000.0,28932.9,29152.3,2901.81080248
2023-08-03,29152.3,29395.8,28960.0,29187.2,1921.72206499
2023-08-04,29187.2,29305.2,28800.0,29072.9,1210.02726572
2023-08-05,29073.0,29099.9,28955.7,29047.1,412.30508913
2023-08-06,29047.2,29153.8,28952.1,29036.9,447.92672753
2023-08-07,29037.0,29225.0,28628.9,29179.0,2074.91365523
2023-08-08,29179.0,30190.0,29113.7,29766.6,3411.0575479101
2023-08-09,29766.6,30099.2,29372.8,29570.8,2413.91781398
2023-08-10,29570.9,29694.4,29329.0,29429.0,1483.51972952
2023-08-11,29429.0,29534.0,29208.1,29399.0,1032.16120948
2023-08-12,29399.0,29455.6,29353.9,29412.4,389.80076343
2023-08-13,29412.5,29440.1,29260.0,29285.1,490.10985487
2023-08-14,29285.1,29657.8,29100.0,29418.4,1251.57080801
2023-08-15,29418.5,29450.0,29075.0,29165.4,1194.47982737
2023-08-16,29165.4,29219.9,28695.3,28698.5,1477.30126846
2023-08-17,28699.3,28748.0,24800.0,26636.6,5964.9301013007
2023-08-18,26633.1,26820.0,25607.1,26046.6,3118.4857642302
2023-08-19,26046.5,26250.0,25800.1,26083.2,950.2378948
2023-08-20,26083.2,26275.3,25995.7,26188.5,583.40928418
2023-08-21,26188.5,26225.0,25807.3,26123.4,1247.02853024
2023-08-22,26123.4,26123.4,25359.9,26040.4,1646.71545542
2023-08-23,26040.5,26779.4,25803.4,26417.4,2403.2617112101
2023-08-24,26417.5,26562.0,25875.7,26160.0,1417.27208797
2023-08-25,26160.0,26281.5,25778.0,26049.8,1427.51721109
2023-08-26,26049.9,26098.3,25984.9,26002.4,357.4109373
2023-08-27,26002.4,26165.9,25966.6,26087.4,448.46649795
2023-08-28,26087.4,26230.9,25860.2,26109.6,1348.75728749
2023-08-29,26109.6,28150.0,25927.2,27731.7,4734.6450189102
2023-08-30,27731.7,27757.3,27005.2,27305.4,2034.73618579
2023-08-31,27305.4,27605.5,25663.0,25936.2,2379.28058534
2023-09-01,25936.3,26127.0,25333.3,25808.3,2545.7129212002
2023-09-02,25808.3,25973.8,25754.1,25869.7,614.54933659
2023-09-03,25869.7,26119.0,25820.1,25969.4,619.43566608
2023-09-04,25969.4,26079.2,25630.8,25806.3,850.99468724
2023-09-05,25806.3,25868.8,25580.5,25788.7,942.15260175
2023-09-06,25788.8,26000.0,25385.2,25763.8,1153.70089743
2023-09-07,25763.7,26487.7,25609.0,26236.4,2170.99233904
2023-09-08,26236.5,26414.0,25650.0,25905.2,2186.04569089
2023-09-09,25905.3,25919.2,25803.7,25891.3,339.5560049
2023-09-10,25891.3,26040.7,25582.5,25830.0,962.41297129
2023-09-11,25830.0,25875.0,24925.0,25163.4,3270.0049247601
2023-09-12,25163.4,26528.9,25140.1,25832.4,3638.1860541601
2023-09-13,25832.4,27212.0,25780.0,26231.1,2902.0538970201
2023-09-14,26231.2,26833.0,26154.6,26535.5,2588.32700311
2023-09-15,26535.5,26887.7,26220.9,26610.0,2742.13740341
2023-09-16,26610.1,26756.8,26480.5,26568.5,519.83834306
2023-09-17,26568.4,26603.2,26412.0,26539.8,403.39782122
2023-09-18,26539.9,27468.1,26405.7,26758.3,3083.22273271
2023-09-19,26758.3,27494.5,26691.2,27228.6,2892.8432864801
2023-09-20,27228.6,27397.8,26826.7,27135.1,2186.0353328
2023-09-21,27135.1,27150.0,26358.2,26567.6,2528.97615504
2023-09-22,26567.6,26716.9,26490.0,26583.8,1379.26862686
2023-09-23,26583.8,26630.0,26500.0,26580.8,555.9209812
2023-09-24,26580.8,26711.0,26157.0,26252.3,722.68160905
2023-09-25,26252.4,26420.0,26000.0,26289.8,2938.5334559101
2023-09-26,26289.8,26393.2,26094.3,26214.9,1256.88728531
2023-09-27,26214.9,26818.2,26100.1,26359.9,2024.3096072
2023-09-28,26359.9,27312.9,26329.9,27026.8,2519.5584713301
2023-09-29,27027.3,27225.7,26692.0,26920.1,2046.27520387
2023-09-30,26920.1,27096.0,26888.3,26972.9,591.63366313
2023-10-01,26972.1,28087.9,26965.7,27981.1,1803.56761938
2023-10-02,27981.1,28572.5,27298.0,27500.9,5479.3388341503
2023-10-03,27500.9,27658.2,27189.0,27428.2,2271.6895006501
2023-10-04,27428.2,27826.3,27229.8,27800.0,1662.89605598
2023-10-05,27800.0,28116.4,27366.1,27413.8,2421.7122391201
2023-10-06,27413.8,28284.9,27185.1,27947.8,2705.6020918802
2023-10-07,27947.8,28028.7,27865.7,27973.4,812.04869702
2023-10-08,27973.4,28107.2,27740.1,27934.7,678.46262542
2023-10-09,27934.7,27996.8,27275.0,27586.1,2306.0794766901
2023-10-10,27586.1,27713.6,27300.0,27397.3,1586.49121821
2023-10-11,27397.3,27468.9,26551.0,26868.2,3093.1764126902
2023-10-12,26868.2,26925.0,26560.0,26760.9,1602.71250189
2023-10-13,26760.9,27137.0,26675.0,26867.9,2115.49681513
2023-10-14,26867.9,26976.5,26820.0,26857.3,731.86523963
2023-10-15,26857.3,27292.1,26820.1,27170.1,1026.79299529
2023-10-16,27170.1,30000.0,27119.9,28516.8,7790.8844750615
2023-10-17,28516.8,28606.3,28100.0,28415.8,2329.05171465
2023-10-18,28415.8,28980.6,28170.0,28335.1,2039.01796656
2023-10-19,28335.1,28900.0,28150.5,28726.9,2373.6686779701
2023-10-20,28727.0,30215.0,28600.1,29680.9,3817.2571967802
2023-10-21,29680.9,30343.3,29483.5,29920.2,2252.64067183
2023-10-22,29920.2,30220.7,29694.1,29987.3,1330.51990589
2023-10-23,29987.3,34800.0,29914.0,33084.4,7161.2510199809
2023-10-24,33084.4,35225.0,32880.1,33922.4,7860.5922313705
2023-10-25,33921.6,35140.3,33706.1,34489.9,3924.9615118704
2023-10-26,34489.9,34825.0,33717.2,34155.2,3875.1552845104
2023-10-27,34155.2,34239.7,33318.6,33915.1,2682.3943688602
2023-10-28,33915.1,34463.7,33852.8,34092.1,1222.5649826299
2023-10-29,34092.0,34758.5,33960.1,34529.5,1523.4746990899
2023-10-30,34529.5,34953.4,34100.1,34508.1,2547.5008615501
2023-10-31,34508.1,34719.9,34060.1,34655.2,1860.34999092
2023-11-01,34653.9,35612.5,34120.0,35441.7,3813.1936085803
2023-11-02,35441.7,35945.0,34350.0,34927.7,3991.3449342603
2023-11-03,34927.8,34927.8,34133.0,34741.2,2121.83825319
2023-11-04,34741.2,35257.9,34614.4,35090.3,1617.66312944
2023-11-05,35091.1,35382.1,34520.1,35050.0,1830.3701410699
2023-11-06,35050.1,35267.1,34767.3,35028.6,1573.61965354
2023-11-07,35028.6,35900.1,34560.0,35449.0,2574.1031934801
2023-11-08,35449.1,36094.0,35100.0,35626.4,2556.51477599
2023-11-09,35626.4,37971.0,35517.3,36694.0,8098.2425519109
2023-11-10,36702.5,37500.0,36340.1,37311.7,4462.4404965303
2023-11-11,37311.7,37411.7,36658.0,37139.8,1726.1817356799
2023-11-12,37139.9,37227.6,36727.3,37053.9,1173.62478711
2023-11-13,37053.9,37423.0,36371.0,36494.1,3276.537886
2023-11-14,36494.1,36750.1,34666.0,35544.4,4659.0819912604
2023-11-15,35544.4,37950.0,35361.7,37896.7,4459.6608914804
2023-11-16,37896.7,37950.0,35517.2,36159.1,6417.1351452307
2023-11-17,36159.1,36888.0,35851.2,36625.0,4602.6504689402
2023-11-18,36625.0,36850.0,36222.0,36586.1,1155.10886617
2023-11-19,36586.1,37531.9,36416.4,37373.9,1753.3793277
2023-11-20,37383.9,37777.0,36715.0,37480.5,4173.2278229102
2023-11-21,37480.5,37655.8,35777.1,35777.1,6272.8919229905
2023-11-22,35777.1,37848.0,35645.0,37428.1,6124.3899967605
2023-11-23,37428.1,37624.0,36874.7,37300.9,2750.8431936301
2023-11-24,37300.9,38432.9,37277.2,37710.4,4256.9478228002
2023-11-25,37716.2,37900.0,37614.0,37800.2,1204.94584714
2023-11-26,37800.2,37810.0,37151.1,37469.9,1338.28753737
2023-11-27,37469.9,37565.6,36720.0,37254.1,2148.59580556
2023-11-28,37254.1,38390.7,36901.0,37832.7,3576.6926363901
2023-11-29,37832.7,38419.0,37604.9,37870.0,2378.11936836
2023-11-30,37870.0,38148.9,37501.0,37717.7,1732.29250338
2023-12-01,37719.0,38924.4,37629.7,38690.0,3707.0030238801
2023-12-02,38690.0,39700.0,38657.1,39477.1,1967.1855579299
2023-12-03,39477.1,40117.2,39299.0,39975.1,2139.168766
2023-12-04,39975.1,42415.5,39476.0,41984.7,7460.3154734605
2023-12-05,41983.0,44465.0,41427.1,44080.8,5571.7851213706
2023-12-06,44080.8,44277.2,43335.5,43761.7,3560.8022689002
2023-12-07,43761.7,44041.4,42885.0,43291.7,2649.7417355801
2023-12-08,43288.1,44699.0,43120.1,44179.5,3600.0597200502
2023-12-09,44179.6,44368.9,43606.0,43709.6,1722.31842159
2023-12-10,43709.7,44040.1,43587.6,43788.0,1377.06705552
2023-12-11,43788.0,43808.4,39999.0,41236.8,6925.3086874007
2023-12-12,41236.9,42300.0,40662.4,41469.9,3830.5501148403
2023-12-13,41470.0,43421.5,40606.6,42889.1,3667.3317451502
2023-12-14,42889.1,43380.1,41359.0,43016.1,3409.4155788402
2023-12-15,43016.1,43090.9,41697.5,41943.3,2422.17753362
2023-12-16,41943.3,42664.2,41648.8,42231.5,1487.10800343
2023-12-17,42231.5,42350.0,41238.0,41344.3,2875.8006996901
2023-12-18,41344.4,42709.4,40515.9,42646.1,3407.5430956502
2023-12-19,42644.7,43422.7,41820.0,42267.0,3054.8051765401
2023-12-20,42267.1,44300.0,42231.2,43630.0,4008.3629098702
2023-12-21,43630.0,44236.9,43329.6,43869.3,2616.6708200601
2023-12-22,43869.4,44429.4,43450.1,43997.0,2633.5717047006
2023-12-23,43997.0,43999.0,43314.0,43750.1,1140.85980407
2023-12-24,43750.1,43933.1,42680.0,43014.9,2343.63343067
2023-12-25,43014.9,43777.9,42765.0,43604.1,1746.95178352
2023-12-26,43604.1,43604.1,41637.1,42519.1,3180.6361719701
2023-12-27,42519.1,43650.0,42150.2,43468.1,2143.684396
2023-12-28,43467.2,43792.3,42307.2,42616.4,2766.3532047101
2023-12-29,42616.4,43135.8,41300.6,42097.9,2612.4464007901
2023-12-30,42097.9,42577.2,41551.8,42150.0,1306.55262626
2023-12-31,42150.1,42874.4,41991.1,42241.1,1509.62365704
